Date,Open,High,Low,Close,Volume,Turnover
2015-01-01,2390.3,2393.9,2375.65,2378.3,5615395.0,553500000.0
2015-01-02,2380.5,2401.15,2376.3,2382.1,5924464.0,945400000.0000001
2015-01-05,2382.35,2396.5,2371.4,2376.3,6266560.0,927900000.0000001
2015-01-06,2360.5,2363.05,2272.1,2294.7,9441028.0,1230900000.0
2015-01-07,2294.95,2304.3,2258.55,2275.7,6871487.0,1105000000.0
2015-01-08,2289.15,2298.55,2274.05,2285.7,7265921.0,1211400000.0
2015-01-09,2306.2,2306.2,2260.85,2276.65,8898220.0,1343600000.0000002
2015-01-12,2278.6,2301.45,2258.6,2297.55,7567245.0,1481399999.9999998
2015-01-13,2304.85,2319.4,2288.25,2293.9,8887168.0,1104200000.0
2015-01-14,2298.85,2304.5,2267.0,2275.9,14184621.0,1262200000.0
2015-01-15,2295.7,2320.9,2285.2,2310.65,19684987.0,2126699999.9999998
2015-01-16,2318.4,2413.4,2314.05,2403.75,22606200.0,3729300000.0
2015-01-19,2417.4,2427.6,2390.75,2397.85,13868212.0,1345500000.0
2015-01-20,2402.45,2431.65,2394.9,2425.3,12802798.0,1330400000.0
2015-01-21,2435.9,2462.0,2377.95,2394.05,26991154.0,4621300000.0
2015-01-22,2400.15,2420.3,2386.15,2410.7,13688724.0,2194900000.0
2015-01-23,2433.95,2433.95,2395.05,2408.95,10184340.0,1440700000.0
2015-01-27,2398.0,2413.55,2383.4,2408.8,10324439.0,1344400000.0
2015-01-28,2397.4,2418.7,2387.4,2395.3,10693122.0,2244600000.0
2015-01-29,2400.95,2401.5,2379.9,2391.95,10121818.0,2227500000.0
2015-01-30,2394.55,2394.55,2339.3,2357.35,9709760.0,1782300000.0
2015-02-02,2356.55,2357.7,2331.1,2345.45,7240913.0,1040900000.0
2015-02-03,2350.5,2365.65,2341.0,2347.2,5735863.0,892200000.0
2015-02-04,2360.7,2361.05,2305.45,2316.5,7498142.0,1350400000.0
2015-02-05,2316.4,2335.75,2286.3,2295.0,8389319.0,2138100000.0
2015-02-06,2295.4,2318.9,2267.5,2275.9,7601101.0,1949199999.9999998
2015-02-09,2281.6,2285.0,2245.7,2270.15,7915363.0,1967300000.0
2015-02-10,2254.65,2269.85,2238.6,2264.7,13864155.0,1509100000.0
2015-02-11,2272.45,2273.3,2231.5,2255.5,7528974.0,1716200000.0
2015-02-12,2271.65,2324.25,2271.65,2316.15,12760198.0,2874400000.0
2015-02-13,2325.4,2348.3,2320.6,2338.9,9832223.0,1519199999.9999998
2015-02-16,2350.25,2350.55,2318.0,2322.05,5360972.0,864300000.0000001
2015-02-18,2322.4,2329.65,2297.1,2322.95,6964637.0,1170700000.0
2015-02-19,2330.55,2339.7,2292.3,2305.15,4378171.0,793500000.0
2015-02-20,2306.15,2326.95,2304.6,2316.85,4878353.0,814800000.0
2015-02-23,2317.55,2331.0,2258.35,2266.9,5911681.0,970500000.0
2015-02-24,2270.55,2301.9,2263.75,2295.6,8191867.0,1104200000.0
2015-02-25,2298.45,2299.3,2265.05,2270.8,5055855.0,1003700000.0
2015-02-26,2271.35,2279.6,2231.45,2239.3,5073226.0,1130700000.0
2015-02-27,2248.45,2257.65,2231.1,2246.65,9554703.0,2242900000.0
2015-02-28,2257.05,2262.3,2214.55,2231.45,3620574.0,606100000.0
2015-03-02,2240.2,2249.6,2217.95,2229.7,6817629.0,1700100000.0
2015-03-03,2246.4,2265.2,2232.75,2259.5,7490519.0,2017800000.0
2015-03-04,2272.75,2273.25,2224.1,2226.75,4502401.0,765100000.0
2015-03-05,2229.9,2247.05,2200.25,2240.0,5089227.0,965000000.0
2015-03-09,2229.25,2244.1,2200.15,2207.05,3937316.0,964400000.0
2015-03-10,2196.0,2237.35,2196.0,2218.9,3486266.0,837900000.0000001
2015-03-11,2219.85,2224.2,2198.65,2215.8,3891179.0,946600000.0
2015-03-12,2222.3,2256.85,2222.3,2251.55,7915185.0,1058000000.0
2015-03-13,2263.7,2264.6,2201.7,2207.8,4985167.0,800100000.0
2015-03-16,2208.9,2242.4,2195.4,2232.15,4774824.0,959599999.9999999
2015-03-17,2235.45,2269.75,2225.85,2258.75,6101409.0,1088700000.0
2015-03-18,2259.9,2312.15,2250.55,2292.0,7021199.0,1406100000.0000002
2015-03-19,2288.7,2310.1,2255.7,2261.7,6486821.0,1000000000.0
2015-03-20,2262.35,2262.35,2200.95,2215.3,6265614.0,1401800000.0
2015-03-23,2228.95,2243.5,2186.05,2197.45,4580213.0,993300000.0
2015-03-24,2194.8,2216.9,2184.7,2205.4,4104122.0,548400000.0
2015-03-25,2202.35,2212.45,2178.3,2181.7,4525985.0,769700000.0
2015-03-26,2171.9,2190.25,2146.35,2154.1,4476451.0,1161400000.0
2015-03-27,2161.6,2164.1,2115.15,2138.25,6174507.0,1357100000.0
2015-03-30,2147.55,2186.6,2146.35,2178.6,3450683.0,745600000.0
2015-03-31,2188.95,2195.15,2167.6,2188.9,4415630.0,822700000.0
2015-04-01,2182.6,2207.9,2182.6,2204.0,5544491.0,1516600000.0
2015-04-06,2202.0,2208.45,2164.55,2174.95,6177529.0,1902700000.0
2015-04-07,2184.25,2184.3,2153.85,2168.75,5823807.0,1525700000.0
2015-04-08,2171.4,2192.35,2167.15,2176.35,9474081.0,2313400000.0
2015-04-09,2191.6,2255.1,2189.5,2251.7,10953520.0,2026900000.0
2015-04-10,2251.8,2262.35,2233.3,2242.4,25148114.0,2125400000.0
2015-04-13,2257.7,2257.7,2234.3,2244.2,11904772.0,1611300000.0
2015-04-15,2241.75,2268.3,2231.15,2238.35,56305762.0,3437500000.0
2015-04-16,2241.5,2243.2,2198.55,2212.3,18765629.0,1760900000.0
2015-04-17,2207.45,2211.65,2180.3,2192.0,12343818.0,1364000000.0
2015-04-20,2189.4,2193.5,2125.95,2138.05,10650294.0,1566100000.0000002
2015-04-21,2133.9,2160.8,2121.65,2123.8,11406500.0,2388300000.0
2015-04-22,2128.65,2145.2,2078.4,2128.15,12010585.0,2082500000.0
2015-04-23,2135.75,2164.75,2133.35,2138.45,6315680.0,1109600000.0
2015-04-24,2141.65,2150.45,2089.55,2094.1,7067006.0,1147100000.0
2015-04-27,2098.45,2105.45,2066.2,2090.8,6422255.0,1052400000.0
2015-04-28,2082.8,2093.35,2062.15,2087.55,7192742.0,1213800000.0
2015-04-29,2079.35,2104.5,2076.55,2086.35,6308771.0,975200000.0
2015-04-30,2077.45,2078.65,2047.65,2053.1,7762793.0,1555200000.0
2015-05-04,2060.3,2111.4,2060.3,2109.1,6611819.0,906000000.0
2015-05-05,2101.55,2106.4,2071.55,2078.0,9340176.0,1129400000.0
2015-05-06,2070.4,2075.5,2022.95,2034.0,8004170.0,1183500000.0
2015-05-07,2020.8,2036.55,2011.0,2029.1,14824182.0,1615600000.0
2015-05-08,2040.5,2075.1,2039.3,2054.15,7895119.0,939300000.0000001
2015-05-11,2058.4,2096.4,2056.75,2088.2,6902635.0,1255800000.0
2015-05-12,2088.25,2088.25,2023.3,2029.1,6303860.0,1065800000.0
2015-05-13,2039.2,2039.2,1991.5,2010.3,11288973.0,2639600000.0
2015-05-14,2012.85,2021.25,1994.15,2012.85,6219098.0,1292600000.0
2015-05-15,2023.65,2024.85,2004.7,2008.65,8355869.0,2127700000.0
2015-05-18,2009.3,2076.1,2005.25,2068.85,28471083.0,8123000000.0
2015-05-19,2076.7,2104.55,2075.75,2081.5,8447725.0,1933000000.0
2015-05-20,2095.6,2109.6,2083.9,2098.25,5036300.0,963800000.0
2015-05-21,2097.75,2113.7,2072.1,2092.2,13736222.0,3970899999.9999995
2015-05-22,2097.65,2109.1,2082.2,2089.1,8373437.0,2289100000.0
2015-05-25,2087.25,2095.4,2072.7,2090.6,3810679.0,871400000.0
2015-05-26,2089.45,2099.85,2078.75,2096.8,4946734.0,1127300000.0
2015-05-27,2090.5,2113.25,2075.0,2103.45,4811296.0,1264700000.0
2015-05-28,2110.95,2115.9,2094.6,2098.4,8435393.0,2328200000.0
2015-05-29,2113.1,2118.45,2093.5,2108.2,8362253.0,2143200000.0
2015-06-01,2101.9,2101.9,2078.6,2092.95,8020637.0,1226500000.0
2015-06-02,2088.7,2112.0,2083.1,2100.1,6028129.0,1426600000.0
2015-06-03,2099.05,2114.85,2036.65,2071.6,7341771.0,1393899999.9999998
2015-06-04,2068.25,2100.25,2065.55,2095.05,4578368.0,971400000.0
2015-06-05,2089.05,2151.05,2073.6,2137.15,6977615.0,1545300000.0
2015-06-08,2122.1,2122.1,2070.65,2076.05,22163950.0,6422900000.0
2015-06-09,2074.75,2093.6,2052.7,2064.7,9240900.0,2402800000.0
2015-06-10,2081.15,2098.1,2070.2,2085.55,8297752.0,2387700000.0
2015-06-11,2100.95,2106.8,2062.6,2068.6,6876616.0,1659199999.9999998
2015-06-12,2074.75,2088.8,2056.65,2072.95,6975370.0,1526800000.0
2015-06-15,2081.3,2122.65,2073.2,2114.1,11348563.0,2583000000.0
2015-06-16,2110.45,2144.8,2095.4,2138.7,6722785.0,1458100000.0
2015-06-17,2150.0,2184.3,2131.85,2178.25,12137486.0,1880500000.0
2015-06-18,2165.75,2196.9,2163.75,2170.75,8536603.0,1325600000.0
2015-06-19,2177.9,2189.2,2154.4,2158.25,9264132.0,2218800000.0
2015-06-22,2176.9,2188.2,2159.3,2183.7,5662250.0,1361300000.0
2015-06-23,2173.05,2189.25,2158.25,2184.05,8069296.0,1738000000.0
2015-06-24,2188.85,2213.7,2182.65,2192.85,17181911.0,4931300000.0
2015-06-25,2190.55,2217.95,2179.8,2204.75,9601673.0,2641700000.0
2015-06-26,2207.5,2227.05,2186.0,2217.2,23479279.0,2493200000.0
2015-06-29,2151.5,2184.2,2149.8,2180.75,9489380.0,1751300000.0
2015-06-30,2178.45,2242.05,2178.45,2237.85,16201190.0,3385800000.0
2015-07-01,2242.65,2249.9,2225.5,2229.1,9568731.0,1891600000.0
2015-07-02,2230.15,2270.25,2229.75,2261.9,17251216.0,2422200000.0
2015-07-03,2260.5,2274.85,2258.1,2261.6,8966982.0,1448200000.0
2015-07-06,2234.9,2296.9,2234.9,2293.25,16921460.0,2216000000.0
2015-07-07,2292.5,2302.35,2259.0,2271.15,16326469.0,1941000000.0
2015-07-08,2252.25,2252.25,2195.45,2202.7,13108099.0,1863800000.0
2015-07-09,2225.65,2225.65,2177.15,2182.9,15207548.0,3882000000.0
2015-07-10,2192.1,2234.6,2192.1,2213.35,10572883.0,2610700000.0
2015-07-13,2231.05,2302.85,2220.35,2282.35,8114185.0,1869000000.0
2015-07-14,2289.8,2304.85,2268.25,2299.75,8674967.0,2507800000.0
2015-07-15,2306.95,2346.4,2300.3,2309.55,14665642.0,4844200000.0
2015-07-16,2325.25,2336.8,2313.0,2332.4,7526371.0,2294200000.0
2015-07-17,2347.85,2353.1,2312.7,2336.95,11545961.0,3008800000.0
2015-07-20,2343.2,2372.95,2323.5,2366.5,16751481.0,3487500000.0
2015-07-21,2365.1,2401.0,2365.1,2379.05,17264977.0,3050400000.0
2015-07-22,2380.25,2442.8,2380.25,2428.95,45955013.0,6333300000.0
2015-07-23,2438.55,2438.55,2378.2,2386.25,21557523.0,3846300000.0
2015-07-24,2406.7,2412.7,2352.75,2362.55,21785829.0,9699600000.0
2015-07-27,2385.4,2407.3,2370.95,2385.4,13482803.0,2950899999.9999995
2015-07-28,2396.65,2419.5,2353.1,2364.7,11569445.0,2602300000.0
2015-07-29,2383.15,2436.3,2378.75,2428.55,13792780.0,3039200000.0
2015-07-30,2449.35,2452.05,2414.8,2428.0,15126532.0,4095000000.0
2015-07-31,2436.25,2464.35,2436.25,2452.15,17170078.0,4674900000.0
2015-08-03,2456.8,2496.5,2456.0,2474.65,14899557.0,4401800000.0
2015-08-04,2495.0,2497.25,2451.15,2472.75,11225542.0,3329200000.0
2015-08-05,2501.15,2534.25,2487.1,2521.25,12620578.0,3707100000.0
2015-08-06,2524.4,2528.8,2498.1,2515.95,7029196.0,1958400000.0
2015-08-07,2519.45,2528.05,2485.25,2491.55,7829152.0,2068700000.0
2015-08-10,2491.95,2520.75,2478.8,2492.95,9814511.0,2417900000.0
2015-08-11,2483.7,2513.0,2474.85,2499.25,9325170.0,2586400000.0
2015-08-12,2489.7,2507.7,2427.4,2432.1,7857430.0,2132600000.0
2015-08-13,2437.05,2469.65,2413.3,2420.1,6482193.0,1692400000.0
2015-08-14,2423.15,2507.8,2423.15,2500.55,7863483.0,2459200000.0
2015-08-17,2489.2,2499.85,2445.3,2474.85,6349385.0,1902200000.0
2015-08-18,2476.1,2497.95,2452.25,2469.5,8720564.0,2941600000.0000005
2015-08-19,2473.7,2486.5,2438.95,2475.7,7835888.0,2097800000.0
2015-08-20,2467.05,2471.05,2393.1,2406.4,7661978.0,2193400000.0
2015-08-21,2388.6,2388.6,2330.2,2352.15,9388521.0,2722600000.0
2015-08-24,2268.95,2279.35,2123.85,2162.8,12396628.0,2793000000.0
2015-08-25,2198.05,2237.35,2138.0,2206.8,16318343.0,3464100000.0000005
2015-08-26,2186.75,2268.75,2182.85,2231.4,9170844.0,2166900000.0
2015-08-27,2274.65,2288.2,2241.3,2279.65,14266147.0,3086200000.0
2015-08-28,2320.55,2371.7,2311.9,2331.95,10464799.0,2527300000.0
2015-08-31,2333.15,2338.2,2302.8,2328.35,6613991.0,1906600000.0
2015-09-01,2311.0,2314.95,2236.7,2261.7,7209617.0,2151600000.0
2015-09-02,2277.35,2298.35,2231.65,2244.4,10207177.0,2820700000.0
2015-09-03,2270.15,2295.35,2255.8,2277.45,6434447.0,1883400000.0
2015-09-04,2280.9,2293.05,2224.55,2242.7,10671755.0,2639900000.0
2015-09-07,2245.45,2270.1,2222.15,2226.9,11719157.0,2270300000.0
2015-09-08,2233.85,2278.95,2218.25,2267.2,6887418.0,1799700000.0
2015-09-09,2295.5,2335.6,2293.75,2330.75,6311045.0,1685500000.0
2015-09-10,2310.35,2346.75,2277.0,2333.7,6959204.0,2145000000.0
2015-09-11,2347.4,2373.45,2330.15,2341.15,8407260.0,2327100000.0
2015-09-14,2347.4,2363.75,2341.9,2355.7,5649859.0,1665000000.0
2015-09-15,2359.2,2365.7,2341.8,2348.7,4998002.0,1467100000.0
2015-09-16,2354.55,2364.7,2343.6,2350.85,3687756.0,1134400000.0
2015-09-18,2374.35,2405.9,2357.9,2372.3,7472043.0,1905800000.0000002
2015-09-21,2371.7,2397.8,2366.75,2392.5,10008730.0,1597500000.0
2015-09-22,2404.45,2404.45,2327.0,2345.55,7701878.0,1789100000.0
2015-09-23,2317.55,2359.3,2305.15,2349.6,5340638.0,1403500000.0
2015-09-24,2360.45,2411.0,2347.8,2392.25,12522431.0,2339700000.0
2015-09-28,2407.85,2407.85,2331.6,2335.75,10139202.0,1256800000.0
2015-09-29,2315.3,2370.0,2300.0,2356.9,6860623.0,1601399999.9999998
2015-09-30,2381.75,2386.45,2362.35,2382.8,10451273.0,2067900000.0
2015-10-01,2390.3,2420.5,2356.6,2412.6,8467428.0,1829500000.0
2015-10-05,2434.25,2440.05,2421.2,2428.25,6726998.0,1607100000.0
2015-10-06,2441.35,2441.35,2405.0,2409.55,7251388.0,1572400000.0
2015-10-07,2415.05,2416.95,2384.85,2407.15,5059394.0,1149800000.0
2015-10-08,2413.25,2425.6,2392.25,2401.05,5132684.0,1112100000.0
2015-10-09,2430.9,2430.9,2403.45,2411.35,5157538.0,1114400000.0
2015-10-12,2423.3,2432.75,2401.85,2412.75,4611230.0,826300000.0
2015-10-13,2420.5,2426.55,2397.75,2416.3,4703327.0,1118400000.0
2015-10-14,2408.65,2413.35,2334.2,2354.95,25620144.0,5113600000.0
2015-10-15,2369.25,2491.3,2369.25,2477.45,18378433.0,5128200000.000001
2015-10-16,2477.55,2511.95,2464.15,2496.8,12833890.0,2997200000.0000005
2015-10-19,2490.2,2539.55,2478.3,2531.6,10154973.0,1796600000.0
2015-10-20,2533.8,2556.4,2522.5,2551.1,7331188.0,1734500000.0
2015-10-21,2545.45,2570.4,2542.1,2550.55,9458264.0,2551500000.0
2015-10-23,2569.1,2574.95,2515.8,2518.8,11653580.0,3223500000.0
2015-10-26,2539.8,2539.8,2473.7,2477.55,11415984.0,3437900000.0
2015-10-27,2477.75,2492.7,2465.1,2482.75,10493997.0,2859300000.0
2015-10-28,2482.05,2500.25,2452.2,2467.3,10368301.0,3156400000.0
2015-10-29,2470.9,2474.7,2432.2,2438.15,8520411.0,2153000000.0
2015-10-30,2439.2,2460.15,2396.0,2405.25,12287612.0,3700899999.9999995
2015-11-02,2420.5,2420.5,2385.45,2414.15,6882769.0,1950500000.0
2015-11-03,2428.95,2435.2,2410.85,2419.25,17008920.0,5185400000.0
2015-11-04,2426.3,2437.25,2419.55,2425.2,10292731.0,2785100000.0
2015-11-05,2427.55,2430.85,2377.4,2382.95,10562314.0,2306500000.0
2015-11-06,2386.4,2399.15,2327.4,2336.9,7189058.0,2252600000.0
2015-11-09,2306.95,2322.8,2276.2,2315.3,6909633.0,2100400000.0
2015-11-10,2303.4,2349.35,2285.35,2295.85,9176657.0,2076500000.0
2015-11-11,2332.0,2344.55,2328.65,2339.6,2699107.0,373000000.0
2015-11-13,2315.05,2321.9,2267.2,2274.0,8662093.0,2376400000.0
2015-11-16,2270.4,2298.05,2259.7,2284.65,7302275.0,1925800000.0000002
2015-11-17,2300.4,2308.4,2273.4,2290.9,11833971.0,2141900000.0
2015-11-18,2298.65,2301.45,2271.6,2275.8,10335277.0,2122900000.0
2015-11-19,2290.45,2344.6,2288.8,2338.55,10485595.0,1963300000.0000002
2015-11-20,2343.8,2372.0,2336.85,2355.2,6890424.0,1793800000.0
2015-11-23,2360.4,2410.75,2357.6,2398.9,8737777.0,2137100000.0
2015-11-24,2396.55,2408.95,2370.75,2376.0,4640977.0,1081100000.0
2015-11-26,2367.15,2427.45,2367.15,2408.25,11488508.0,2362300000.0
2015-11-27,2415.5,2432.65,2404.85,2426.5,5590446.0,1395500000.0
2015-11-30,2423.15,2462.65,2421.35,2432.7,15760113.0,2900299999.9999995
2015-12-01,2439.4,2466.85,2436.7,2461.1,10711300.0,1871200000.0
2015-12-02,2480.6,2481.65,2452.55,2461.5,12025078.0,2991700000.0
2015-12-03,2457.9,2470.35,2441.2,2457.95,32717555.0,2677400000.0
2015-12-04,2446.4,2448.8,2390.55,2394.9,21786231.0,2958800000.0
2015-12-07,2401.0,2428.55,2398.4,2402.65,10514989.0,1927900000.0
2015-12-08,2396.65,2424.9,2385.3,2395.85,8076809.0,1321500000.0
2015-12-09,2398.8,2408.85,2350.9,2360.75,13403776.0,1794800000.0
2015-12-10,2366.65,2402.75,2332.6,2396.15,8632774.0,1747500000.0
2015-12-11,2402.05,2413.05,2362.5,2379.45,12540834.0,1623100000.0
2015-12-14,2379.7,2429.1,2364.65,2415.35,12321292.0,1291399999.9999998
2015-12-15,2421.75,2447.4,2421.75,2436.5,19617247.0,1761300000.0
2015-12-16,2448.55,2456.9,2435.7,2440.35,7787135.0,1492500000.0
2015-12-17,2450.45,2502.4,2431.75,2496.5,28750701.0,2770299999.9999995
2015-12-18,2491.95,2508.95,2485.35,2491.65,27031053.0,3281100000.0
2015-12-21,2488.65,2525.7,2488.65,2522.3,32912474.0,2789200000.0
2015-12-22,2525.35,2528.5,2506.65,2516.0,24194134.0,2177600000.0
2015-12-23,2526.9,2538.65,2513.3,2534.9,21063363.0,2072900000.0
2015-12-24,2532.75,2533.6,2506.1,2522.15,33726861.0,3610000000.0
2015-12-28,2529.85,2553.85,2528.9,2535.6,29809138.0,2511500000.0
2015-12-29,2538.25,2554.8,2532.0,2547.9,19762926.0,2131399999.9999998
2015-12-30,2554.4,2600.95,2545.25,2595.8,17150572.0,2212900000.0
2015-12-31,2603.45,2646.55,2591.85,2633.0,19545131.0,3366900000.0
2016-01-01,2634.05,2642.25,2621.95,2627.45,10092168.0,1136400000.0
2016-01-04,2618.65,2630.4,2562.95,2572.3,15183521.0,1564800000.0
2016-01-05,2589.15,2610.5,2581.85,2593.75,16787724.0,2231500000.0
2016-01-06,2594.4,2605.05,2558.3,2583.3,16616286.0,1885000000.0
2016-01-07,2562.05,2562.05,2511.35,2519.35,15477377.0,1981100000.0000002
2016-01-08,2542.55,2544.25,2507.5,2527.55,15448131.0,3111400000.0
2016-01-11,2481.15,2532.8,2470.55,2512.35,19583287.0,2958000000.0
2016-01-12,2515.75,2527.65,2490.65,2496.0,12275818.0,1571300000.0
2016-01-13,2508.3,2542.3,2439.9,2503.55,25242929.0,2658000000.0
2016-01-14,2482.8,2522.6,2446.9,2495.05,19819816.0,2343000000.0
2016-01-15,2516.9,2520.15,2377.1,2403.6,35364186.0,4157700000.0
2016-01-18,2393.45,2400.4,2281.7,2338.05,22439124.0,2313300000.0
2016-01-19,2342.35,2371.55,2316.35,2347.3,14204324.0,1573500000.0
2016-01-20,2335.2,2335.2,2222.8,2276.8,16638797.0,2217100000.0
2016-01-21,2294.05,2344.05,2283.75,2293.35,14663272.0,1629800000.0
2016-01-22,2322.5,2364.55,2322.5,2347.45,13496173.0,1572600000.0
2016-01-25,2370.0,2398.8,2334.8,2342.1,11852206.0,1573200000.0
2016-01-27,2365.2,2370.75,2350.8,2357.1,9812807.0,1793899999.9999998
2016-01-28,2352.9,2408.9,2351.4,2390.9,11423481.0,2041100000.0000002
2016-01-29,2394.7,2483.0,2391.65,2468.4,12565461.0,2484400000.0
2016-02-01,2484.25,2486.8,2442.5,2458.4,11133599.0,2019400000.0
2016-02-02,2453.6,2455.55,2372.4,2381.05,9859734.0,1774199999.9999998
2016-02-03,2360.1,2412.1,2356.2,2366.1,13644903.0,1745200000.0
2016-02-04,2397.55,2401.9,2319.6,2337.7,8575922.0,1662900000.0
2016-02-05,2340.6,2392.35,2314.55,2384.8,7521459.0,1414800000.0
2016-02-08,2374.3,2407.55,2355.45,2360.9,6084342.0,1069100000.0
2016-02-09,2347.5,2353.85,2307.05,2315.3,9555929.0,1839800000.0
2016-02-10,2311.0,2311.0,2244.85,2262.35,9299211.0,1715300000.0
2016-02-11,2261.35,2261.35,2161.5,2177.45,12735594.0,1855000000.0
2016-02-12,2179.15,2194.05,2116.15,2177.25,15231843.0,2173000000.0
2016-02-15,2194.25,2265.5,2194.25,2256.45,8598999.0,1641600000.0
2016-02-16,2264.4,2269.25,2159.5,2167.25,6855415.0,1278600000.0
2016-02-17,2180.85,2209.9,2099.75,2201.45,8957248.0,1718800000.0
2016-02-18,2215.8,2258.35,2215.8,2241.15,7993402.0,1602100000.0
2016-02-19,2208.65,2256.95,2208.65,2244.25,5429691.0,1247700000.0
2016-02-22,2253.35,2283.25,2250.45,2278.25,6110343.0,1075100000.0
2016-02-23,2273.4,2280.45,2224.6,2242.1,5797777.0,1331500000.0
2016-02-24,2233.45,2253.25,2210.55,2236.0,6187426.0,960500000.0
2016-02-25,2232.9,2243.25,2178.05,2186.95,17776343.0,1619600000.0
2016-02-26,2214.9,2224.8,2174.45,2197.35,6092127.0,1007800000.0
2016-02-29,2198.05,2204.35,2121.65,2165.95,8167239.0,1355600000.0
2016-03-01,2181.95,2275.3,2177.65,2267.0,11111249.0,2225600000.0
2016-03-02,2295.0,2316.7,2282.6,2310.55,9811079.0,1857200000.0
2016-03-03,2334.8,2334.8,2276.8,2309.25,10726096.0,1416800000.0
2016-03-04,2316.5,2334.5,2296.25,2317.5,11045464.0,1525900000.0
2016-03-08,2317.85,2340.4,2270.95,2298.25,11430770.0,1458899999.9999998
2016-03-09,2280.2,2325.0,2273.05,2319.6,7024982.0,1173000000.0
2016-03-10,2327.3,2330.8,2298.55,2308.6,5461618.0,875300000.0
2016-03-11,2306.85,2341.65,2301.65,2323.5,6299352.0,1077100000.0
2016-03-14,2333.15,2369.95,2333.15,2343.0,6136642.0,1439700000.0
2016-03-15,2339.05,2339.05,2274.1,2281.4,5356666.0,1191200000.0
2016-03-16,2277.65,2291.65,2257.4,2283.25,9162546.0,1655400000.0
2016-03-17,2309.35,2325.2,2282.1,2293.8,7480828.0,1342700000.0
2016-03-18,2310.2,2318.15,2283.65,2310.15,17007051.0,2283700000.0
2016-03-21,2314.8,2323.15,2290.35,2319.25,9919366.0,1264200000.0
2016-03-22,2324.5,2336.6,2298.15,2321.0,9272668.0,1535700000.0
2016-03-23,2322.2,2341.15,2312.8,2321.3,7905217.0,1624700000.0
2016-03-28,2334.6,2336.15,2289.3,2296.0,7956441.0,1402800000.0
2016-03-29,2294.1,2296.7,2270.45,2281.4,7016657.0,1174300000.0
2016-03-30,2292.5,2292.5,2267.55,2279.45,9733143.0,2366000000.0
2016-03-31,2291.05,2326.0,2268.15,2320.95,10092731.0,2328800000.0
2016-04-01,2312.1,2330.1,2305.95,2324.55,10961896.0,2107100000.0
2016-04-04,2327.4,2359.25,2327.4,2355.85,10736851.0,1530600000.0
2016-04-05,2349.3,2349.3,2284.3,2288.65,10800743.0,1549800000.0
2016-04-06,2294.6,2314.4,2292.7,2309.65,8805895.0,1107700000.0
2016-04-07,2321.9,2322.95,2277.9,2281.65,8862462.0,985500000.0
2016-04-08,2280.8,2300.75,2276.3,2290.65,16053740.0,1353100000.0
2016-04-11,2295.1,2318.05,2285.85,2315.45,15112666.0,1393100000.0
2016-04-12,2308.6,2364.95,2306.75,2362.1,11547691.0,1767600000.0
2016-04-13,2374.1,2388.9,2356.35,2359.4,9859598.0,1364100000.0
2016-04-18,2364.0,2393.85,2347.3,2388.1,13602962.0,1732000000.0
2016-04-20,2404.65,2404.65,2355.45,2375.45,37741966.0,2794400000.0
2016-04-21,2383.25,2392.65,2359.85,2371.5,16325571.0,1650900000.0
2016-04-22,2368.0,2392.4,2368.0,2378.1,9756855.0,1380400000.0
2016-04-25,2377.75,2386.4,2363.2,2379.5,12347340.0,1399800000.0
2016-04-26,2369.45,2422.9,2369.35,2418.85,13637051.0,2003700000.0
2016-04-27,2415.05,2431.45,2397.0,2402.15,9443632.0,1191300000.0
2016-04-28,2406.4,2415.45,2376.05,2385.0,17435772.0,2242400000.0
2016-04-29,2381.35,2425.0,2377.35,2423.35,12507969.0,2001500000.0
2016-05-02,2420.25,2432.55,2409.75,2429.65,12050746.0,2060800000.0000002
2016-05-03,2428.25,2455.2,2426.4,2440.8,12724019.0,2163400000.0
2016-05-04,2432.2,2435.4,2370.7,2378.15,9976964.0,1492000000.0
2016-05-05,2379.3,2381.95,2352.05,2368.6,9026746.0,1622400000.0
2016-05-06,2362.3,2379.2,2357.7,2370.55,7219440.0,1119400000.0
2016-05-09,2373.0,2446.25,2373.0,2439.65,8063870.0,1323500000.0
2016-05-10,2439.45,2442.3,2420.6,2426.75,7954452.0,1563200000.0
2016-05-11,2421.05,2541.5,2421.05,2535.15,30622352.0,6762900000.0
2016-05-12,2541.5,2558.5,2518.75,2547.85,18278782.0,3051100000.0
2016-05-13,2546.2,2578.4,2527.45,2560.75,22659978.0,2707000000.0
2016-05-16,2573.2,2598.6,2554.55,2561.35,16671167.0,2774500000.0
2016-05-17,2572.9,2601.85,2572.9,2577.6,20048999.0,4809300000.0
2016-05-18,2570.75,2570.75,2527.35,2534.15,13774836.0,3424300000.0
2016-05-19,2541.25,2541.25,2482.5,2488.85,22260467.0,5852900000.0
2016-05-20,2487.8,2508.05,2483.0,2490.8,13458064.0,2651800000.0
2016-05-23,2511.9,2518.0,2464.75,2472.5,35715999.0,4470200000.0
2016-05-24,2479.65,2479.65,2448.3,2467.75,31185597.0,3569000000.0
2016-05-25,2504.65,2504.65,2483.0,2499.0,13161802.0,1769800000.0
2016-05-26,2496.7,2520.85,2488.3,2513.15,20755770.0,3004900000.0
2016-05-27,2528.65,2556.85,2514.2,2546.0,15443576.0,2385400000.0
2016-05-30,2557.95,2557.95,2506.6,2533.2,12762994.0,1844400000.0
2016-05-31,2543.4,2544.55,2512.05,2533.8,13240358.0,2032200000.0
2016-06-01,2544.75,2563.3,2534.65,2549.55,11963902.0,2014800000.0
2016-06-02,2554.9,2575.95,2529.65,2568.4,8351599.0,1521000000.0
2016-06-03,2576.6,2587.05,2551.2,2555.9,8094886.0,1331800000.0
2016-06-06,2557.6,2557.85,2538.7,2552.55,8249379.0,1344900000.0
2016-06-07,2550.55,2594.5,2550.55,2584.2,9320711.0,1512000000.0
2016-06-08,2587.3,2590.0,2557.85,2586.1,15079213.0,1704900000.0
2016-06-09,2591.55,2610.95,2584.7,2600.4,16425486.0,2108100000.0
2016-06-10,2592.0,2622.65,2587.4,2590.85,17204210.0,2449900000.0
2016-06-13,2567.75,2603.7,2556.7,2600.8,7168059.0,1162000000.0
2016-06-14,2607.85,2611.85,2574.85,2587.55,7754012.0,1452500000.0
2016-06-15,2602.1,2616.0,2596.95,2603.9,11209771.0,2008300000.0000002
2016-06-16,2600.85,2600.9,2557.4,2579.95,11828122.0,2131200000.0
2016-06-17,2591.55,2607.4,2567.9,2574.35,12334780.0,1867200000.0
2016-06-20,2562.7,2591.65,2556.95,2581.05,13267820.0,1914300000.0
2016-06-21,2591.85,2606.25,2569.65,2576.85,16044558.0,2182400000.0
2016-06-22,2580.25,2593.1,2569.95,2574.35,11938543.0,1847800000.0
2016-06-23,2577.1,2583.95,2559.8,2564.7,10874383.0,2521900000.0
2016-06-24,2515.65,2548.65,2474.7,2542.95,15743190.0,2257600000.0
2016-06-27,2514.3,2540.95,2514.3,2527.55,9511348.0,2068500000.0
2016-06-28,2524.3,2531.55,2514.15,2524.0,12855902.0,2282400000.0
2016-06-29,2553.55,2577.75,2543.45,2574.7,15093947.0,2123100000.0
2016-06-30,2582.2,2653.15,2581.45,2633.9,27889926.0,4235100000.0
2016-07-01,2645.25,2649.75,2626.9,2631.55,14727636.0,2247000000.0
2016-07-04,2645.6,2677.85,2642.4,2664.1,12874425.0,2348700000.0
2016-07-05,2660.9,2693.9,2652.85,2661.95,13968195.0,2989200000.0
2016-07-07,2667.55,2671.85,2615.35,2625.65,15527164.0,3251500000.0
2016-07-08,2651.7,2651.7,2629.15,2643.55,13492691.0,2274700000.0
2016-07-11,2671.5,2671.5,2639.85,2652.05,17939493.0,2000500000.0
2016-07-12,2652.55,2658.9,2639.8,2655.55,16939067.0,2449500000.0
2016-07-13,2650.05,2667.05,2612.2,2625.2,49067964.0,3348000000.0
2016-07-14,2604.45,2671.45,2597.15,2666.3,22965708.0,2469900000.0
2016-07-15,2678.45,2684.8,2661.4,2674.55,13183370.0,2152400000.0
2016-07-18,2670.9,2687.75,2623.8,2629.3,11320205.0,1515100000.0
2016-07-19,2652.45,2664.85,2625.15,2658.25,11276123.0,2175700000.0
2016-07-20,2660.5,2675.9,2639.05,2654.1,11084613.0,2794600000.0
2016-07-21,2652.95,2669.05,2632.35,2639.95,20841783.0,4808300000.0
2016-07-22,2649.25,2685.15,2646.1,2681.7,17082232.0,3513100000.0
2016-07-25,2685.25,2728.55,2675.05,2725.65,12116495.0,3090400000.0
2016-07-26,2727.05,2734.15,2708.65,2717.4,12062386.0,3188700000.0
2016-07-27,2765.5,2780.8,2723.25,2750.55,17079371.0,4250100000.0
2016-07-28,2751.9,2776.15,2739.45,2753.85,26237345.0,4596700000.0
2016-07-29,2768.2,2823.3,2744.05,2815.2,30357997.0,4451000000.0
2016-08-01,2810.35,2869.25,2810.35,2849.5,29420856.0,5966400000.0
2016-08-02,2843.0,2854.6,2814.05,2826.0,16264755.0,2894300000.0
2016-08-03,2815.5,2820.9,2783.95,2793.85,14069865.0,2690200000.0
2016-08-04,2815.45,2815.45,2765.5,2778.8,18887373.0,3149700000.0000005
2016-08-05,2788.35,2830.0,2788.25,2826.15,12744990.0,3202700000.0
2016-08-08,2854.4,2854.4,2821.35,2838.05,10574925.0,1883200000.0
2016-08-09,2830.1,2866.6,2808.45,2860.7,27436462.0,4233500000.0
2016-08-10,2861.15,2870.9,2831.9,2844.2,17792373.0,3090600000.0
2016-08-11,2845.55,2845.65,2780.3,2803.6,12802634.0,2317300000.0
2016-08-12,2806.55,2826.25,2796.25,2816.85,8579228.0,1694400000.0
2016-08-16,2797.35,2820.1,2790.3,2814.0,12329201.0,2051300000.0
2016-08-17,2822.15,2831.3,2804.95,2811.3,18077536.0,2939300000.0
2016-08-18,2833.25,2849.25,2821.45,2840.75,17651290.0,3486100000.0
2016-08-19,2853.05,2853.05,2829.75,2843.2,13822342.0,2733800000.0
2016-08-22,2829.4,2863.0,2824.6,2839.35,13885567.0,3461300000.0
2016-08-23,2834.8,2871.15,2828.15,2861.15,13940594.0,2337700000.0
2016-08-24,2866.3,2893.15,2865.7,2890.55,15806284.0,2235100000.0
2016-08-25,2895.45,2906.05,2849.9,2858.5,18203583.0,3109900000.0
2016-08-26,2863.5,2872.6,2838.0,2844.5,13073517.0,2499900000.0
2016-08-29,2842.15,2926.4,2836.2,2918.0,12129351.0,2849000000.0
2016-08-30,2932.25,2936.2,2901.9,2930.65,24636906.0,3737600000.0
2016-08-31,2911.3,2984.35,2911.3,2965.95,25173671.0,5210500000.0
2016-09-01,2981.05,2981.05,2924.15,2932.7,18132490.0,2463900000.0
2016-09-02,2948.85,2950.3,2925.6,2942.0,11679471.0,3284900000.0
2016-09-06,2945.7,2967.0,2936.75,2961.4,11752264.0,2243900000.0
2016-09-07,2958.25,2963.25,2938.1,2951.8,14140766.0,2772400000.0
2016-09-08,2960.9,2983.0,2958.2,2972.35,11907075.0,2457500000.0
2016-09-09,2977.45,2977.45,2923.75,2932.85,11429655.0,1810800000.0000002
2016-09-12,2905.55,2905.55,2825.5,2834.55,11561118.0,2201100000.0
2016-09-14,2838.45,2877.15,2817.85,2866.1,15848214.0,3611500000.0
2016-09-15,2873.5,2971.6,2854.7,2946.2,39456590.0,6053700000.0
2016-09-16,2956.6,2979.85,2886.5,2902.5,27632934.0,4690300000.0
2016-09-19,2909.35,2935.85,2899.25,2925.45,14031781.0,2697799999.9999995
2016-09-20,2916.75,2940.15,2912.8,2920.2,26056182.0,3419900000.0
2016-09-21,2926.6,2933.45,2909.0,2922.45,12471475.0,2330100000.0
2016-09-22,2951.5,2969.15,2926.5,2941.65,18837561.0,2927700000.0
2016-09-23,2946.5,2957.65,2925.55,2931.25,17567848.0,2405100000.0
2016-09-26,2926.55,2949.65,2918.85,2935.3,11869609.0,2550300000.0
2016-09-27,2948.55,2985.9,2927.2,2937.9,16623978.0,3966400000.0
2016-09-28,2939.1,3017.25,2925.2,3004.1,32340439.0,3659400000.0
2016-09-29,3024.7,3034.15,2871.5,2943.45,32784502.0,5565900000.0
2016-09-30,2941.3,2981.25,2908.0,2969.8,15424633.0,2500700000.0
2016-10-03,3000.65,3158.3,2988.4,3127.8,23898802.0,4746500000.0
2016-10-04,3141.8,3142.2,3054.45,3074.75,20708519.0,3341800000.0
2016-10-05,3098.4,3128.55,3074.15,3097.6,19420077.0,2445800000.0
2016-10-06,3099.1,3118.65,3036.65,3050.05,24859440.0,3342500000.0
2016-10-07,3065.6,3127.7,3055.0,3121.95,19260608.0,4152700000.0
2016-10-10,3119.65,3140.15,3105.75,3125.95,25967381.0,3451200000.0
2016-10-13,3127.1,3127.15,2991.7,3022.0,43027082.0,5219200000.0
2016-10-14,3040.25,3043.9,2956.35,2965.0,44909222.0,5192500000.0
2016-10-17,2974.65,2974.65,2857.5,2872.75,23789212.0,4743500000.0
2016-10-18,2873.25,2935.3,2871.7,2922.95,18496299.0,4585900000.0
2016-10-19,2933.6,2941.9,2899.05,2911.2,15151890.0,3615000000.0
2016-10-20,2925.8,2961.65,2923.65,2956.45,13566274.0,3575600000.0
2016-10-21,2957.05,2981.15,2942.05,2959.55,13573416.0,2600000000.0
2016-10-24,2966.8,2974.5,2925.85,2932.4,16572715.0,2414200000.0
2016-10-25,2944.75,2963.65,2915.65,2938.0,18985397.0,4823900000.0
2016-10-26,2931.35,2959.6,2921.4,2935.55,19374182.0,3186700000.0
2016-10-27,2945.7,2952.0,2872.5,2888.35,19173609.0,3512300000.0
2016-10-28,2890.0,2948.8,2887.4,2942.7,20716142.0,3996800000.0
2016-10-30,2960.0,2963.8,2937.9,2955.3,6152379.0,670400000.0000001
2016-11-01,2965.55,2967.8,2906.45,2912.05,21216039.0,3508100000.0
2016-11-02,2872.4,2883.75,2855.15,2864.5,15633105.0,2283900000.0
2016-11-03,2859.2,2888.25,2832.5,2846.0,24997599.0,3359500000.0
2016-11-04,2845.4,2862.05,2813.35,2840.4,27799843.0,3751900000.0
2016-11-07,2857.0,2885.95,2844.55,2859.45,11640823.0,2394700000.0
2016-11-08,2871.15,2885.85,2848.0,2860.35,12735774.0,2222100000.0
2016-11-09,2669.95,2860.3,2583.15,2829.25,31623059.0,4781300000.0
2016-11-10,2865.4,2917.85,2853.4,2860.55,17383178.0,3219000000.0
2016-11-11,2838.65,2838.9,2727.1,2737.55,16976158.0,3249300000.0
2016-11-15,2745.45,2759.8,2610.9,2628.6,26761982.0,4424100000.0
2016-11-16,2657.3,2723.55,2645.7,2702.05,21236817.0,4615000000.0
2016-11-17,2699.85,2705.15,2629.05,2641.9,11872163.0,2441000000.0
2016-11-18,2664.3,2664.7,2569.0,2585.15,13482621.0,2884400000.0
2016-11-21,2602.45,2606.65,2496.5,2512.45,17226882.0,3983700000.0
2016-11-22,2545.45,2566.05,2529.75,2563.0,11436485.0,2446700000.0
2016-11-23,2574.4,2616.4,2530.2,2596.9,16956731.0,3061000000.0
2016-11-24,2594.6,2595.2,2522.2,2531.0,20037792.0,3833600000.0
2016-11-25,2560.95,2593.75,2539.0,2562.35,25035468.0,4463100000.0
2016-11-28,2570.6,2635.9,2556.25,2621.05,13987976.0,2565000000.0
2016-11-29,2616.15,2658.45,2612.3,2624.15,11579081.0,2109400000.0
2016-11-30,2639.5,2646.0,2612.7,2632.65,18490409.0,2693800000.0
2016-12-01,2632.1,2662.15,2627.5,2633.6,12564446.0,2315800000.0
2016-12-02,2626.6,2626.6,2548.8,2554.2,10696911.0,2312600000.0
2016-12-05,2567.55,2590.05,2522.55,2576.95,21226708.0,7458700000.0
2016-12-06,2592.55,2619.05,2566.75,2576.1,16869611.0,5895900000.0
2016-12-07,2585.95,2591.55,2542.4,2553.55,12599907.0,2898600000.0
2016-12-08,2576.25,2609.7,2574.35,2604.0,11787320.0,2462700000.0
2016-12-09,2626.2,2663.0,2614.85,2653.2,21352231.0,6944400000.000001
2016-12-12,2649.65,2667.2,2606.7,2615.75,12950700.0,3956500000.0
2016-12-13,2611.5,2611.85,2571.25,2585.65,17495790.0,3610400000.0
2016-12-14,2607.95,2608.0,2571.4,2580.0,13802229.0,2922000000.0
2016-12-15,2554.5,2610.85,2546.4,2563.7,15821734.0,2849900000.0
2016-12-16,2577.1,2587.05,2562.15,2570.1,10795958.0,2513900000.0
2016-12-19,2577.1,2585.55,2551.35,2555.55,8390590.0,1957900000.0
2016-12-20,2558.7,2582.55,2554.9,2577.4,15381568.0,3458399999.9999995
2016-12-21,2586.7,2588.45,2547.15,2551.85,8792098.0,1793200000.0
2016-12-22,2551.4,2555.8,2537.25,2544.7,8269357.0,2174400000.0
2016-12-23,2538.6,2558.35,2495.7,2545.9,10713576.0,2435600000.0
2016-12-26,2540.3,2544.05,2487.7,2493.8,8605402.0,1586500000.0
2016-12-27,2494.25,2530.3,2490.25,2522.7,9994988.0,2128500000.0
2016-12-28,2527.45,2577.95,2527.45,2555.3,11890628.0,2078400000.0
2016-12-29,2549.15,2585.7,2539.6,2581.9,13545462.0,2763700000.0
2016-12-30,2587.15,2627.55,2587.15,2610.75,8485080.0,1861800000.0
2017-01-02,2617.45,2636.25,2612.0,2618.4,7309019.0,1320900000.0
2017-01-03,2628.65,2668.6,2614.2,2665.1,10051588.0,2577100000.0
2017-01-04,2681.1,2695.45,2653.4,2669.55,11386721.0,2877799999.9999995
2017-01-05,2699.8,2726.45,2684.4,2714.15,13341170.0,3605200000.0
2017-01-06,2728.8,2731.55,2679.45,2683.6,10508622.0,2220600000.0
2017-01-09,2691.5,2711.45,2683.4,2697.85,8318616.0,1783800000.0
2017-01-10,2696.75,2713.1,2693.85,2707.3,11409257.0,2298500000.0
2017-01-11,2715.1,2758.55,2714.15,2747.3,12159385.0,2297000000.0
2017-01-12,2759.0,2764.45,2728.6,2745.75,9712237.0,2330800000.0
2017-01-13,2757.2,2761.65,2706.3,2748.2,12587974.0,2291200000.0
2017-01-16,2749.85,2773.8,2744.35,2754.8,15046439.0,2606300000.0
2017-01-17,2756.3,2785.75,2740.15,2747.55,15566144.0,2200900000.0
2017-01-18,2757.65,2767.9,2742.95,2761.7,14745994.0,6431799999.999999
2017-01-19,2762.7,2770.3,2745.9,2755.25,9792777.0,2212400000.0
2017-01-20,2754.3,2762.4,2697.1,2705.05,10559652.0,2676000000.0
2017-01-23,2712.35,2767.55,2708.25,2760.1,10609463.0,2502300000.0
2017-01-24,2761.15,2781.75,2735.4,2755.3,12929214.0,3418000000.0
2017-01-25,2772.2,2834.4,2765.15,2820.4,15794678.0,4656400000.0
2017-01-27,2803.2,2863.05,2778.75,2812.2,14173419.0,2883700000.0
2017-01-30,2817.0,2835.6,2791.05,2809.3,12212843.0,1879500000.0
2017-01-31,2806.7,2806.7,2766.1,2771.4,12484400.0,2004900000.0
2017-02-01,2777.8,2840.3,2761.3,2834.35,11827544.0,2150000000.0
2017-02-02,2840.65,2854.4,2795.9,2843.2,12994995.0,2993700000.0
2017-02-03,2881.1,2946.85,2881.1,2907.85,58728900.0,20977399999.999996
2017-02-06,2925.85,2942.85,2911.7,2934.2,27261347.0,6847400000.0
2017-02-07,2946.15,2948.3,2895.3,2933.05,12952507.0,3541100000.0
2017-02-08,2940.65,2979.3,2935.2,2968.35,14674549.0,5633900000.0
2017-02-09,2976.8,3035.4,2951.4,3022.9,21956058.0,7729600000.0
2017-02-10,3028.9,3035.95,2987.8,3010.9,20006804.0,4531600000.0
2017-02-13,3018.65,3034.65,2999.15,3021.6,18916951.0,4073399999.9999995
2017-02-14,3021.95,3024.65,2987.25,2993.55,18160938.0,7089200000.0
2017-02-15,2990.7,3016.55,2985.9,2993.4,12376920.0,2975400000.0
2017-02-16,2976.15,2999.75,2946.6,2992.0,13955840.0,3522200000.0000005
2017-02-17,3009.7,3014.4,2981.85,2991.35,8411044.0,2223100000.0
2017-02-20,2993.0,3023.15,2967.0,3019.95,17053134.0,5284400000.000001
2017-02-21,3013.75,3025.1,2998.3,3019.7,22095956.0,3807300000.0
2017-02-22,3016.8,3035.0,2981.7,2991.7,25706118.0,3556600000.0000005
2017-02-23,2997.85,3018.8,2982.85,2995.05,18453501.0,3280299999.9999995
2017-02-27,2984.4,2993.25,2960.85,2969.2,26230816.0,3994900000.0
2017-02-28,2976.55,3003.7,2972.6,2996.35,18071349.0,3219400000.0
2017-03-01,3004.2,3009.85,2983.85,2995.1,20031046.0,2891300000.0
2017-03-02,3010.25,3013.45,2946.95,2958.55,14449631.0,2516600000.0
2017-03-03,2950.8,2989.8,2938.95,2980.65,15059252.0,2991200000.0
2017-03-06,2979.65,3002.2,2966.6,2999.65,16639840.0,3168200000.0
2017-03-07,3008.15,3025.0,2995.65,3018.3,21122905.0,4067700000.0
2017-03-08,3024.45,3040.8,3006.1,3037.0,14669509.0,2642200000.0000005
2017-03-09,3035.7,3062.95,3025.25,3054.05,28184842.0,4142900000.0
2017-03-10,3056.15,3076.0,3040.65,3056.3,13538265.0,3650000000.0
2017-03-14,3100.35,3112.75,3076.9,3085.8,12746466.0,2744800000.0
2017-03-15,3078.6,3113.75,3077.6,3102.55,27773280.0,3964600000.0
2017-03-16,3116.4,3120.0,3101.55,3113.8,18109211.0,3489400000.0
2017-03-17,3123.1,3125.9,3076.35,3082.45,17613568.0,4010899999.9999995
2017-03-20,3095.1,3099.9,3074.5,3093.2,13025501.0,2414700000.0
2017-03-21,3096.3,3106.6,3076.9,3100.4,17524102.0,2910200000.0
2017-03-22,3084.1,3103.6,3069.2,3076.8,23536926.0,4088399999.9999995
2017-03-23,3084.4,3104.05,3080.8,3099.65,11526302.0,2604900000.0
2017-03-24,3106.75,3113.3,3079.9,3089.3,15511518.0,2798000000.0
2017-03-27,3090.6,3104.7,3077.35,3094.2,18163201.0,3456300000.0
2017-03-28,3099.85,3152.6,3099.65,3146.45,17090896.0,4538700000.0
2017-03-29,3143.75,3176.6,3138.15,3146.45,18960579.0,3985600000.0
2017-03-30,3151.3,3171.3,3145.8,3158.85,31886693.0,5671799999.999999
2017-03-31,3159.2,3187.5,3149.15,3174.25,21723329.0,3783200000.0
2017-04-03,3178.95,3197.1,3149.5,3156.3,45769575.0,4575200000.0
2017-04-05,3179.3,3233.4,3152.3,3224.45,26568444.0,4894800000.0
2017-04-06,3213.2,3250.95,3207.25,3245.5,14583353.0,3304300000.0
2017-04-07,3223.9,3236.1,3198.4,3204.9,15698551.0,2951400000.0
2017-04-10,3198.4,3244.2,3188.25,3233.45,14308520.0,2515500000.0
2017-04-11,3229.85,3232.5,3197.3,3214.3,16968292.0,2947400000.0
2017-04-12,3213.2,3225.2,3158.65,3173.55,15480540.0,2919400000.0
2017-04-13,3180.7,3194.2,3152.8,3157.9,12573290.0,2662900000.0
2017-04-17,3151.9,3175.4,3142.9,3158.05,10036165.0,1936900000.0
2017-04-18,3168.5,3218.65,3135.95,3142.55,20912340.0,3684300000.0
2017-04-19,3153.2,3195.85,3133.45,3191.3,29584724.0,5839200000.0
2017-04-20,3209.85,3263.4,3205.3,3256.2,25204112.0,6867200000.0
2017-04-21,3271.65,3297.05,3247.25,3266.4,47926616.0,7727300000.0
2017-04-24,3279.1,3284.3,3238.25,3247.4,23774055.0,4038300000.0
2017-04-25,3258.65,3274.55,3254.0,3263.1,18907220.0,4035800000.0
2017-04-26,3270.35,3282.0,3228.1,3246.95,20304864.0,4925100000.0
2017-04-27,3254.15,3285.3,3248.65,3260.6,26827649.0,4352700000.0
2017-04-28,3266.25,3268.6,3233.15,3252.2,17960128.0,3610899999.9999995
2017-05-02,3261.0,3282.45,3234.35,3271.9,14195818.0,2752600000.0
2017-05-03,3273.25,3280.9,3211.55,3219.65,15359416.0,4179900000.0
2017-05-04,3230.2,3242.4,3186.5,3193.0,13625494.0,3249300000.0
2017-05-05,3192.95,3194.95,3114.3,3119.0,16821743.0,3481100000.0
2017-05-08,3127.4,3149.65,3115.05,3119.95,14941439.0,3984300000.0
2017-05-09,3122.05,3131.85,3094.35,3100.3,14621047.0,3167200000.0000005
2017-05-10,3104.3,3186.7,3104.2,3170.15,24527505.0,5213500000.0
2017-05-11,3202.75,3292.6,3202.75,3279.1,30248461.0,8687800000.0
2017-05-12,3277.05,3277.2,3203.9,3210.1,18806872.0,4790300000.0
2017-05-15,3225.65,3247.0,3207.15,3233.0,20494710.0,4230400000.0
2017-05-16,3236.0,3237.15,3190.1,3223.5,20954637.0,3701800000.0
2017-05-17,3225.5,3225.85,3199.65,3220.2,15003316.0,2659200000.0
2017-05-18,3196.0,3239.95,3155.2,3166.6,16792451.0,4193700000.0
2017-05-19,3178.8,3203.7,3101.7,3136.5,16610490.0,5389600000.0
2017-05-22,3155.65,3159.45,3104.6,3135.4,14376001.0,4495400000.0
2017-05-23,3138.75,3152.5,3068.6,3077.5,19685098.0,3754900000.0
2017-05-24,3083.6,3095.15,2998.6,3022.6,30526585.0,4033100000.0
2017-05-25,3020.6,3055.2,2994.55,3034.95,47788875.0,5518700000.0
2017-05-26,3029.85,3098.9,3028.95,3088.75,29835632.0,3773900000.0
2017-05-29,3092.7,3093.05,3042.3,3066.4,22692044.0,3225100000.0
2017-05-30,3070.95,3090.2,3033.85,3082.0,13923718.0,3040600000.0
2017-05-31,3084.55,3118.05,3054.15,3066.05,22466468.0,7083900000.0
2017-06-01,3071.5,3091.75,3064.5,3085.85,11643398.0,2109700000.0
2017-06-02,3107.3,3118.0,3093.9,3109.0,11868415.0,3218100000.0
2017-06-05,3119.0,3139.0,3110.9,3116.4,8584115.0,2712100000.0
2017-06-06,3119.4,3124.4,3067.7,3079.0,14966767.0,3183800000.0
2017-06-07,3081.35,3094.25,3071.8,3090.55,10255760.0,2363200000.0
2017-06-08,3093.25,3119.15,3090.85,3097.05,11455234.0,3168000000.0
2017-06-09,3101.3,3111.75,3083.75,3095.55,13305407.0,3731900000.0
2017-06-12,3103.85,3105.55,3060.75,3079.2,18542151.0,3210800000.0
2017-06-13,3096.05,3096.2,3070.35,3077.65,13910230.0,2333900000.0
2017-06-14,3084.95,3099.95,3065.45,3094.15,11423642.0,2604100000.0000005
2017-06-15,3088.05,3101.35,3078.05,3081.65,15652826.0,2767400000.0
2017-06-16,3082.15,3108.75,3081.3,3094.95,13773470.0,2981000000.0
2017-06-19,3117.5,3127.6,3107.5,3111.9,13045864.0,3319000000.0
2017-06-20,3122.2,3122.2,3081.25,3084.65,16744549.0,2882500000.0
2017-06-21,3080.85,3097.05,3062.8,3086.45,14204388.0,2912700000.0
2017-06-22,3098.05,3106.15,3077.8,3082.85,13198129.0,2225500000.0
2017-06-23,3088.2,3089.15,3030.2,3038.4,15898942.0,3191500000.0
2017-06-27,3037.75,3044.45,2936.1,2956.55,16608894.0,4707500000.0
2017-06-28,2948.65,2952.05,2915.95,2933.95,13558100.0,3366300000.0
2017-06-29,2952.9,2982.1,2944.85,2959.45,23053971.0,3563100000.0
2017-06-30,2962.2,2989.55,2936.9,2982.05,15904156.0,3128800000.0
2017-07-03,2992.85,3005.7,2985.25,2997.55,9393834.0,2292100000.0
2017-07-04,2995.3,3006.25,2974.8,2989.75,10599669.0,2227600000.0
2017-07-05,2990.85,3027.9,2983.1,3024.25,8351837.0,2154200000.0
2017-07-06,3036.5,3040.4,3018.35,3022.05,11871628.0,2271700000.0
2017-07-07,3023.95,3050.95,3014.0,3037.6,8867996.0,2522200000.0
2017-07-10,3053.3,3067.1,2902.25,3038.25,2776884.0,554200000.0
2017-07-11,3050.3,3052.5,3021.7,3025.3,8205672.0,2009300000.0
2017-07-12,3029.4,3047.55,3028.0,3044.85,10118031.0,1944800000.0
2017-07-13,3047.3,3082.55,3047.3,3078.7,28760194.0,2802700000.0
2017-07-14,3078.6,3080.75,3046.4,3065.05,38346039.0,3696800000.0
2017-07-17,3083.8,3089.9,3063.1,3085.2,15154882.0,2738900000.0
2017-07-18,3079.15,3113.4,3066.45,3086.25,46401541.0,6504500000.0
2017-07-19,3086.45,3152.05,3086.45,3143.5,21960002.0,4899000000.0
2017-07-20,3150.95,3165.9,3116.3,3125.2,17008074.0,3363100000.0
2017-07-21,3128.35,3165.45,3095.25,3158.2,30436086.0,5387200000.0
2017-07-24,3166.05,3177.1,3134.2,3145.25,21014904.0,3723000000.0
2017-07-25,3168.0,3170.85,3098.65,3109.25,16056733.0,4057700000.0
2017-07-26,3121.7,3123.05,3083.4,3089.35,18407762.0,4224600000.0
2017-07-27,3091.35,3111.75,3089.45,3099.7,18888574.0,3869100000.0000005
2017-07-28,3091.75,3115.4,3087.7,3106.5,12975580.0,2492500000.0
2017-07-31,3108.95,3115.9,3090.1,3100.35,13232238.0,2358800000.0
2017-08-01,3110.6,3132.4,3098.1,3112.3,11084931.0,3019600000.0
2017-08-02,3119.75,3121.5,3096.25,3103.25,7893007.0,1798300000.0000002
2017-08-03,3100.25,3105.05,3079.55,3088.8,13252044.0,2842000000.0
2017-08-04,3094.1,3109.25,3084.0,3091.6,12601576.0,3319700000.0000005
2017-08-07,3089.75,3102.3,3068.0,3076.45,13966908.0,3428500000.0
2017-08-08,3062.75,3091.3,3045.1,3047.5,14097448.0,3453600000.0
2017-08-09,3046.8,3053.35,3009.5,3014.15,12703828.0,3662200000.0000005
2017-08-10,3004.1,3012.55,2845.35,2910.25,15771548.0,3524000000.0
2017-08-11,2880.95,2914.85,2848.8,2872.8,15135378.0,4276600000.0000005
2017-08-14,2906.5,2961.0,2875.45,2950.25,11277138.0,4020000000.0
2017-08-16,2968.2,2979.6,2921.4,2961.2,10238268.0,2518200000.0
2017-08-17,2966.4,3012.95,2937.3,2990.85,9753444.0,2573200000.0
2017-08-18,2975.6,2980.9,2923.05,2948.45,21606710.0,3846600000.0000005
2017-08-21,2957.45,2965.8,2912.8,2917.6,12745168.0,2984900000.0
2017-08-22,2942.6,2954.55,2904.8,2927.95,13769496.0,3176400000.0
2017-08-23,2931.75,2946.4,2904.05,2938.0,13474054.0,2666700000.0
2017-08-24,2952.4,2956.3,2924.35,2929.8,8596680.0,2054700000.0
2017-08-28,2950.75,2962.4,2929.35,2955.1,8591131.0,1719700000.0
2017-08-29,2955.5,2957.95,2934.05,2942.3,9954486.0,2119400000.0
2017-08-30,2951.6,2974.25,2939.45,2965.4,16414059.0,3351300000.0
2017-08-31,2960.3,2981.85,2955.5,2966.35,19587340.0,2786600000.0000005
2017-09-01,2978.85,3038.15,2977.75,3027.2,19063308.0,6541400000.0
2017-09-04,3029.8,3058.2,3005.15,3045.4,38604220.0,7171400000.0
2017-09-05,3055.4,3073.7,3048.35,3054.8,19046629.0,5352000000.0
2017-09-06,3046.2,3071.6,3039.9,3059.85,18270399.0,4174000000.0
2017-09-07,3070.65,3086.25,3055.65,3059.1,16027378.0,2866900000.0
2017-09-08,3065.9,3079.8,3028.95,3039.75,16266925.0,3864300000.0
2017-09-11,3058.8,3069.35,3049.85,3053.1,13129235.0,3130000000.0
2017-09-12,3072.95,3105.05,3063.85,3088.45,11872852.0,2741300000.0
2017-09-13,3100.45,3109.05,3074.45,3083.05,25076731.0,2824000000.0
2017-09-14,3096.8,3100.35,3074.55,3089.7,12852662.0,2751800000.0
2017-09-15,3085.75,3107.9,3056.25,3099.55,13780131.0,3393399999.9999995
2017-09-18,3112.25,3167.1,3110.6,3155.55,16028262.0,4187200000.0000005
2017-09-19,3167.65,3175.1,3143.9,3162.35,14024272.0,3456300000.0
2017-09-20,3163.15,3178.65,3145.75,3158.55,10718448.0,2650500000.0
2017-09-21,3166.8,3169.5,3077.05,3100.65,11519343.0,2814700000.0000005
2017-09-22,3089.8,3092.35,3020.85,3027.95,18617949.0,4933100000.0
2017-09-25,3032.4,3039.6,2979.9,3014.8,20481105.0,5429000000.0
2017-09-26,3013.25,3017.15,2975.3,3004.7,16133325.0,4524100000.0
2017-09-27,3027.7,3035.1,2960.0,2968.85,16005341.0,3380000000.0
2017-09-28,2974.25,2975.8,2931.15,2962.3,16897391.0,5042400000.0
2017-09-29,2976.25,3007.85,2970.35,2983.6,12875617.0,3377300000.0
2017-10-03,3008.3,3011.1,2982.95,2989.15,13969268.0,3402600000.0
2017-10-04,2990.95,3002.0,2976.4,2994.65,14265568.0,3244000000.0
2017-10-05,2998.25,3023.35,2988.15,3012.65,18162200.0,3200400000.0
2017-10-06,3018.7,3025.3,3007.8,3019.85,10849869.0,2735299999.9999995
2017-10-09,3040.45,3061.95,3024.05,3051.9,11210635.0,3480899999.9999995
2017-10-10,3064.75,3073.5,3040.75,3063.25,12373692.0,3411100000.0
2017-10-11,3071.8,3076.85,2979.95,3004.55,23914775.0,4724800000.0
2017-10-12,3020.65,3030.45,2996.9,3023.4,15767146.0,2283100000.0
2017-10-13,3025.15,3032.3,2999.7,3009.8,15281813.0,3376500000.0
2017-10-16,3016.1,3028.3,3003.25,3023.15,15339798.0,3981100000.0
2017-10-17,3016.95,3024.05,2961.7,2970.1,,
2017-10-18,2951.8,2963.85,2917.65,2953.8,17699908.0,5973000000.0
2017-10-19,2973.15,2976.05,2931.9,2943.4,,
2017-10-23,2956.9,2987.8,2920.65,2950.0,14573468.0,3569200000.0
2017-10-24,2966.25,3086.5,2958.15,3056.45,22704394.0,8361500000.0
2017-10-25,3088.15,3109.8,3039.9,3076.15,17548935.0,4810400000.0
2017-10-26,3082.7,3121.05,3060.85,3101.65,24182646.0,3672900000.0
2017-10-27,3112.95,3158.7,3090.6,3147.8,22544928.0,4658900000.0
2017-10-30,3158.3,3171.85,3145.35,3159.5,15604269.0,2763900000.0
2017-10-31,3158.05,3180.55,3142.2,3151.25,27201304.0,4239800000.0
2017-11-01,3165.2,3171.2,3124.4,3135.4,21128263.0,3480899999.9999995
2017-11-02,3143.95,3143.95,3110.0,3119.4,17117895.0,3602200000.0000005
2017-11-03,3154.15,3198.6,3137.1,3194.0,20780105.0,4042200000.0000005
2017-11-06,3195.25,3213.2,3173.75,3197.4,26156552.0,4670400000.0
2017-11-07,3203.65,3217.45,3155.75,3167.25,18894608.0,4334900000.0
2017-11-08,3174.05,3193.95,3146.8,3171.7,12007417.0,2289000000.0
2017-11-09,3172.95,3191.3,3134.9,3168.5,10897407.0,2669800000.0
2017-11-10,3170.45,3200.35,3040.95,3186.35,18869025.0,2995700000.0
2017-11-13,3190.7,3202.9,3162.8,3169.65,12059383.0,2957900000.0
2017-11-14,3167.4,3173.45,3146.9,3159.45,17518405.0,2797400000.0
2017-11-15,3159.35,3163.1,3114.05,3125.25,19576011.0,3549500000.0
2017-11-16,3131.55,3144.1,3114.35,3136.2,12170253.0,2927300000.0
2017-11-17,3153.55,3165.9,3129.3,3136.65,16283753.0,3165500000.0
2017-11-20,3134.25,3137.0,3108.65,3129.3,18665583.0,2270700000.0
2017-11-21,3138.05,3181.8,3137.2,3156.5,16344060.0,2857000000.0
2017-11-22,3168.9,3246.7,3157.9,3238.75,23037296.0,6061300000.0
2017-11-23,3245.15,3256.55,3214.0,3247.25,25587620.0,4385000000.0
2017-11-24,3239.05,3276.6,3223.25,3265.4,72253584.0,6093900000.0
2017-11-27,3252.9,3348.85,3244.1,3337.0,92980703.0,7735599999.999999
2017-11-28,3335.85,3370.25,3288.75,3360.8,36645442.0,6210100000.0
2017-11-29,3358.95,3402.9,3326.65,3346.9,40976619.0,4809600000.0
2017-11-30,3330.9,3349.15,3311.45,3318.8,58811678.0,5913300000.0
2017-12-01,3340.3,3378.05,3243.9,3252.85,47574648.0,5493500000.0
2017-12-04,3284.15,3291.75,3221.3,3261.9,26833861.0,3959200000.0
2017-12-05,3260.0,3297.1,3215.85,3291.7,29518711.0,3313100000.0
2017-12-06,3278.85,3302.55,3266.05,3278.35,34857995.0,4259800000.0
2017-12-07,3287.7,3331.3,3280.55,3323.9,41100415.0,4658100000.0
2017-12-08,3334.55,3351.7,3302.7,3312.7,25510281.0,4159400000.0
2017-12-11,3327.9,3361.0,3323.1,3328.35,19136702.0,3918800000.0
2017-12-12,3337.5,3351.2,3303.5,3308.9,23837273.0,3045200000.0
2017-12-13,3316.95,3354.0,3295.15,3310.5,43616655.0,7129500000.0
2017-12-14,3327.0,3335.7,3278.75,3301.75,26605567.0,4494400000.0
2017-12-15,3357.1,3369.05,3320.55,3330.65,24074961.0,3958100000.0
2017-12-18,3331.2,3398.7,3257.1,3349.4,32606781.0,5512200000.0
2017-12-19,3367.35,3387.55,3359.1,3380.05,33127179.0,5615200000.0
2017-12-20,3378.6,3416.25,3376.25,3404.55,50561560.0,5901300000.0
2017-12-21,3415.2,3466.35,3413.65,3422.1,59349798.0,11695800000.0
2017-12-22,3446.15,3450.25,3418.55,3445.8,44336475.0,8172000000.0
2017-12-26,3449.7,3478.45,3446.2,3465.15,23462579.0,4968500000.0
2017-12-27,3472.8,3502.25,3463.75,3480.55,26489599.0,4857800000.0
2017-12-28,3492.45,3505.8,3464.25,3470.55,21327405.0,3951400000.0
2017-12-29,3482.8,3494.3,3457.0,3464.3,18380954.0,2832300000.0
2018-01-01,3471.4,3498.9,3445.25,3461.4,16203177.0,2851000000.0
2018-01-02,3477.6,3496.1,3441.3,3456.8,49502254.0,6210500000.0
2018-01-03,3477.9,3486.7,3461.35,3466.85,22225220.0,3644300000.0
2018-01-04,3476.95,3483.05,3461.45,3479.0,21587560.0,4254700000.0000005
2018-01-05,3485.85,3539.25,3480.75,3529.55,39167495.0,6014200000.0
2018-01-08,3543.45,3582.1,3540.45,3572.4,25562417.0,5140300000.0
2018-01-09,3577.6,3579.15,3524.85,3528.6,23286909.0,5819800000.0
2018-01-10,3538.0,3547.15,3506.85,3515.05,22552759.0,5116600000.0
2018-01-11,3523.05,3540.4,3499.95,3531.6,22723561.0,5002300000.0
2018-01-12,3548.75,3616.05,3543.7,3592.1,119591685.0,16546700000.0
2018-01-15,3621.3,3670.8,3620.8,3642.7,59861265.0,7202300000.0
2018-01-16,3662.35,3675.85,3604.4,3617.9,70444531.0,9562800000.0
2018-01-17,3627.45,3627.55,3538.35,3565.2,46680377.0,9925900000.0
2018-01-18,3605.3,3621.1,3496.4,3517.5,31616436.0,6234900000.0
2018-01-19,3502.35,3549.4,3476.8,3540.55,18403351.0,3613600000.0
2018-01-22,3544.05,3591.25,3529.95,3558.55,23776159.0,3804700000.0000005
2018-01-23,3557.5,3567.5,3525.3,3549.6,33524653.0,5022900000.0
2018-01-24,3551.3,3570.55,3505.6,3537.8,22216472.0,4791700000.0
2018-01-25,3541.6,3549.1,3497.95,3507.45,26295594.0,4263500000.0
2018-01-29,3530.05,3573.5,3519.5,3530.8,18094849.0,4492800000.0
2018-01-30,3537.05,3537.05,3474.6,3499.05,21924925.0,3217900000.0
2018-01-31,3490.5,3519.1,3474.55,3488.9,30195618.0,4528100000.0
2018-02-01,3515.3,3515.45,3413.8,3469.3,25826336.0,4145200000.0
2018-02-02,3435.3,3440.45,3326.15,3346.85,30931287.0,4414600000.0
2018-02-05,3288.35,3353.8,3252.3,3345.85,21883388.0,3111900000.0
2018-02-06,3220.35,3312.85,3192.55,3291.6,23269333.0,3542200000.0000005
2018-02-07,3341.5,3389.4,3317.15,3344.55,31194691.0,4247900000.0
2018-02-08,3353.0,3427.1,3334.45,3411.65,24335237.0,4593700000.0
2018-02-09,3341.95,3398.7,3341.75,3379.1,14268511.0,2940299999.9999995
2018-02-12,3417.2,3431.75,3395.7,3417.05,11710810.0,2992799999.9999995
2018-02-14,3436.75,3462.75,3380.3,3402.85,20363267.0,3575400000.0
2018-02-15,3410.4,3433.0,3353.05,3363.75,14974777.0,3686400000.0
2018-02-16,3396.9,3402.5,3300.2,3313.55,14214704.0,4018700000.0
2018-02-19,3320.9,3320.9,3231.05,3280.3,19010471.0,4882500000.0
2018-02-20,3284.3,3319.05,3262.9,3302.75,13925797.0,3451000000.0
2018-02-21,3318.3,3336.25,3301.55,3312.85,13313343.0,3938300000.0
2018-02-22,3301.95,3307.6,3271.55,3285.35,25307759.0,4174600000.0
2018-02-23,3300.7,3326.8,3289.85,3317.25,19641733.0,2946400000.0
2018-02-26,3331.95,3387.75,3320.15,3381.9,15372803.0,2886200000.0
2018-02-27,3387.25,3398.6,3339.45,3345.7,15693779.0,2874000000.0
2018-02-28,3322.2,3341.05,3294.55,3311.6,20827057.0,3398000000.0
2018-03-01,3304.55,3323.8,3249.8,3263.5,12501615.0,2604900000.0
2018-03-05,3262.0,3262.0,3218.0,3232.3,11525412.0,2270100000.0
2018-03-06,3252.95,3301.15,3228.65,3245.75,42731902.0,6275700000.000001
2018-03-07,3250.65,3260.0,3219.05,3236.25,22433826.0,4178500000.0
2018-03-08,3249.6,3265.0,3213.5,3244.55,17258366.0,3518700000.0
2018-03-09,3262.6,3292.15,3241.1,3259.5,,
2018-03-12,3294.9,3295.7,3249.5,3287.8,19965455.0,3199300000.0
2018-03-13,3274.2,3313.2,3266.8,3307.05,17319010.0,3084200000.0
2018-03-14,3281.1,3370.1,3279.45,3356.5,36906108.0,5531799999.999999
2018-03-15,3368.45,3374.8,3319.3,3326.65,27991159.0,4407000000.0
2018-03-16,3331.1,3370.15,3302.8,3308.2,37627102.0,7095599999.999999
2018-03-19,3323.8,3326.65,3249.5,3269.2,20200495.0,3705500000.0
2018-03-20,3271.25,3289.55,3249.8,3281.35,24509378.0,3605000000.0
2018-03-21,3303.25,3304.75,3250.9,3258.35,,
2018-03-22,3271.75,3290.5,3202.45,3216.35,18171522.0,4903100000.0
2018-03-23,3174.2,3233.1,3151.6,3225.4,24750215.0,4342700000.0
2018-03-26,3229.65,3348.4,3220.0,3333.25,32881191.0,5045300000.0
2018-03-27,3351.25,3381.0,3333.25,3345.5,26262550.0,4824300000.0
2018-03-28,3328.9,3337.1,3276.6,3286.5,25959934.0,4727600000.0
2018-04-02,3307.1,3340.4,3293.05,3332.8,,
2018-04-03,3331.35,3376.7,3295.0,3364.3,,
2018-04-04,3380.45,3384.6,3300.75,3306.95,22004382.0,3648600000.0
2018-04-05,3332.25,3371.4,3332.25,3358.6,13000884.0,2951400000.0
2018-04-06,3364.45,3373.0,3342.15,3365.15,16284483.0,3217100000.0
2018-04-09,3369.75,3392.85,3321.55,3328.4,,
2018-04-10,3356.65,3356.65,3310.2,3330.5,15246710.0,2692799999.9999995
2018-04-11,3335.7,3346.15,3306.35,3340.2,21560604.0,3788300000.0
2018-04-12,3349.0,3380.4,3329.1,3338.95,54742058.0,6436000000.0
2018-04-13,3348.9,3362.2,3337.85,3349.8,32266295.0,4545900000.0
2018-04-16,3334.1,3374.9,3329.0,3361.85,19515901.0,3263100000.0
2018-04-17,3374.6,3375.6,3338.5,3343.4,16048807.0,3099000000.0
2018-04-18,3356.95,3409.2,3346.45,3391.0,,
2018-04-19,3411.85,3434.25,3402.5,3410.1,19763563.0,4549600000.0
2018-04-20,3402.85,3409.05,3371.0,3377.5,24022472.0,3633600000.0
2018-04-23,3386.35,3432.6,3381.35,3401.45,19297776.0,3710000000.0
2018-04-24,3408.9,3426.6,3340.7,3344.3,83216289.0,6433099999.999999
2018-04-25,3338.6,3343.7,3293.8,3323.35,60812020.0,5348800000.0
2018-04-26,3328.3,3341.35,3307.25,3322.65,31859880.0,3851100000.0
2018-04-27,3341.15,3365.9,3330.35,3356.0,18013442.0,2489000000.0
2018-04-30,3348.5,3389.85,3348.5,3362.6,10229993.0,1960200000.0
2018-05-02,3379.95,3423.65,3342.15,3354.55,18884676.0,4551300000.0
2018-05-03,3351.65,3371.75,3319.25,3337.5,13506512.0,3378900000.0
2018-05-04,3348.2,3354.75,3306.4,3316.7,11993287.0,3669800000.0
2018-05-07,3345.15,3383.45,3305.45,3373.55,11285947.0,2660299999.9999995
2018-05-08,3383.4,3383.85,3341.45,3355.45,11384847.0,2338200000.0
2018-05-09,3352.05,3360.0,3333.6,3338.5,12708585.0,2306000000.0
2018-05-10,3344.15,3369.0,3278.8,3286.7,14792830.0,3750800000.0
2018-05-11,3282.6,3317.7,3278.65,3303.6,13728667.0,3630600000.0
2018-05-14,3319.05,3360.25,3268.35,3289.15,25528183.0,12496700000.0
2018-05-15,3286.4,3321.1,3239.95,3264.7,20591070.0,5961000000.0
2018-05-16,3255.2,3292.75,3242.9,3283.0,17636828.0,4094300000.0
2018-05-17,3295.15,3306.85,3250.65,3261.2,13964128.0,4482800000.0
2018-05-18,3261.35,3265.3,3209.3,3217.05,13550487.0,2792600000.0
2018-05-21,3216.55,3226.05,3142.2,3154.05,13060068.0,2750000000.0
2018-05-22,3154.2,3215.8,3141.5,3209.25,15695969.0,2863800000.0
2018-05-23,3208.9,3217.4,3163.45,3168.85,12033579.0,2170000000.0
2018-05-24,3179.4,3187.75,3165.5,3180.35,17408007.0,2976100000.0
2018-05-25,3190.9,3243.6,3168.05,3228.1,13532131.0,2783800000.0
2018-05-28,3246.45,3280.4,3210.6,3266.8,11909949.0,2910700000.0
2018-05-29,3267.45,3272.9,3204.05,3210.4,11032380.0,2332700000.0
2018-05-30,3208.0,3224.1,3186.95,3208.0,15076134.0,3016700000.0
2018-05-31,3223.25,3223.55,3168.55,3179.65,31882326.0,6314299999.999999
2018-06-01,3177.3,3210.65,3143.7,3165.25,10967939.0,2762000000.0
2018-06-04,3177.85,3188.15,3150.4,3163.65,13686858.0,4644700000.0
2018-06-05,3152.8,3167.0,3069.95,3098.55,17504301.0,3840200000.0
2018-06-06,3090.6,3146.85,3072.1,3133.0,12928343.0,4395700000.0
2018-06-07,3135.35,3190.6,3134.0,3155.55,11235436.0,2881200000.0
2018-06-08,3142.95,3200.95,3139.35,3194.35,12483766.0,4393000000.0
2018-06-11,3203.85,3246.4,3187.3,3227.2,18736614.0,3597600000.0
2018-06-12,3234.9,3247.65,3220.65,3235.25,15329876.0,3199600000.0
2018-06-13,3235.7,3243.6,3205.6,3210.9,84126515.0,8189000000.0
2018-06-14,3218.8,3221.3,3175.9,3188.55,39060851.0,4875500000.0
2018-06-15,3197.15,3212.7,3166.55,3178.7,18925306.0,4252500000.0
2018-06-18,3179.1,3186.9,3157.7,3170.75,13847034.0,3491100000.0
2018-06-19,3159.1,3164.75,3123.7,3133.1,18862799.0,3367200000.0000005
2018-06-20,3135.5,3168.45,3133.95,3146.55,15053818.0,3468100000.0
2018-06-21,3133.7,3181.35,3133.7,3145.25,19880435.0,6383400000.0
2018-06-22,3151.8,3162.3,3135.55,3147.65,10348066.0,3075899999.9999995
2018-06-25,3147.65,3162.5,3094.55,3104.7,16966955.0,3715800000.0
2018-06-26,3092.95,3133.05,3081.95,3109.65,15398395.0,4236000000.0
2018-06-27,3103.7,3112.55,3017.6,3043.6,18085656.0,4123600000.0
2018-06-28,3048.7,3069.05,2983.25,2995.25,49194907.0,6024200000.0
2018-06-29,3014.85,3037.2,2993.1,3025.7,14929386.0,3377200000.0000005
2018-07-02,3031.9,3057.85,2968.25,2991.95,26514030.0,4082600000.0
2018-07-03,2991.7,3022.45,2965.1,3017.75,13303894.0,2456500000.0
2018-07-04,3014.95,3021.4,2990.45,3010.9,14931998.0,2484700000.0
2018-07-05,3011.7,3022.25,2985.1,3010.95,41922148.0,4586500000.0
2018-07-06,3006.15,3006.15,2972.15,2997.4,27448050.0,4668900000.0
2018-07-09,3010.7,3020.1,2996.6,3006.25,20030312.0,3309500000.0
2018-07-10,3019.55,3027.7,2999.4,3009.25,30566897.0,4014900000.0
2018-07-11,3007.25,3027.05,2993.3,3000.0,21722313.0,3094200000.0
2018-07-12,3012.15,3018.65,2963.8,2968.5,11004825.0,2493800000.0
2018-07-13,2986.8,2986.8,2857.9,2862.95,24357797.0,7974900000.0
2018-07-16,2863.2,2872.55,2786.35,2792.85,27436372.0,7794600000.0
2018-07-17,2796.35,2842.95,2776.9,2832.85,20110941.0,5504800000.0
2018-07-18,2841.8,2874.05,2806.1,2832.3,21714796.0,7374000000.0
2018-07-19,2838.85,2848.6,2784.75,2826.65,16875903.0,4625400000.0
2018-07-20,2817.35,2828.4,2800.2,2813.75,9751485.0,3058700000.0
2018-07-23,2817.05,2849.2,2791.25,2835.85,14341758.0,2563600000.0
2018-07-24,2835.8,2902.0,2831.85,2885.45,42610123.0,5380400000.0
2018-07-25,2896.95,2901.45,2835.9,2851.25,29606805.0,4951100000.0
2018-07-26,2846.45,2859.7,2807.75,2827.2,40874507.0,4888500000.0
2018-07-27,2840.85,2852.3,2820.8,2827.8,15450748.0,2792200000.0000005
2018-07-30,2835.2,2846.65,2818.05,2839.95,11948600.0,2504400000.0
2018-07-31,2844.05,2851.05,2815.45,2832.55,17146122.0,3142300000.0
2018-08-01,2842.8,2873.7,2835.15,2849.55,20147276.0,3529000000.0
2018-08-02,2848.35,2861.65,2822.5,2830.95,15273292.0,3211200000.0
2018-08-03,2851.5,2876.3,2851.35,2867.85,16319286.0,5927000000.0
2018-08-06,2879.65,2900.0,2870.6,2879.3,11911224.0,2462900000.0
2018-08-07,2893.75,2923.5,2885.05,2916.3,21452303.0,3617900000.0
2018-08-08,2931.45,2967.9,2909.3,2927.55,17954897.0,5457900000.0
2018-08-09,2931.25,2932.85,2901.05,2922.65,15561391.0,2898399999.9999995
2018-08-10,2933.65,2934.75,2894.7,2903.2,16157415.0,3926700000.0
2018-08-13,2891.55,2897.65,2809.65,2817.1,21185546.0,7860200000.0
2018-08-14,2821.8,2866.45,2821.8,2856.8,14941855.0,4733800000.0
2018-08-16,2846.75,2851.0,2786.3,2817.25,14113018.0,4105700000.0
2018-08-17,2831.3,2851.55,2818.85,2845.3,14925744.0,2888800000.0
2018-08-20,2864.45,2867.4,2844.95,2862.7,11236399.0,2840800000.0
2018-08-21,2866.75,2901.5,2851.55,2897.6,14526226.0,3881000000.0
2018-08-23,2904.05,2906.6,2861.45,2866.7,13687146.0,3239500000.0
2018-08-24,2866.6,2877.9,2841.1,2871.15,15336960.0,4132200000.0000005
2018-08-27,2891.55,2891.65,2859.05,2871.75,11238815.0,2828399999.9999995
2018-08-28,2883.3,2891.35,2856.9,2865.25,11439148.0,3253500000.0
2018-08-29,2869.05,2877.15,2843.5,2852.75,16234541.0,3151700000.0
2018-08-30,2849.1,2871.0,2843.4,2857.35,18336541.0,4182400000.0
2018-08-31,2864.95,2877.15,2828.3,2840.1,17214549.0,3021100000.0
2018-09-03,2856.75,2882.9,2842.85,2853.05,27133196.0,4010800000.0
2018-09-04,2858.95,2860.1,2742.9,2768.75,39156067.0,5245100000.0
2018-09-05,2765.05,2778.75,2703.55,2739.65,21856227.0,4071800000.0
2018-09-06,2728.1,2728.1,2589.55,2695.8,39137235.0,12643500000.0
2018-09-07,2696.75,2725.45,2675.15,2715.7,31179767.0,4996800000.0
2018-09-10,2708.0,2742.85,2690.05,2712.55,22373637.0,2986200000.0
2018-09-11,2727.8,2734.3,2649.7,2673.2,21036776.0,5105800000.0
2018-09-12,2682.55,2697.75,2625.35,2673.0,19587878.0,4187200000.0000005
2018-09-14,2696.35,2713.8,2685.05,2710.2,14769767.0,2930600000.0
2018-09-17,2706.9,2722.95,2682.75,2708.4,15366599.0,3792200000.0000005
2018-09-18,2707.4,2719.05,2643.95,2654.95,13734986.0,2808500000.0
2018-09-19,2667.25,2669.05,2583.75,2604.8,26837646.0,4012100000.0
2018-09-21,2623.9,2627.5,2463.65,2580.8,30905097.0,5798200000.000001
2018-09-24,2595.6,2596.45,2499.75,2521.25,19746859.0,2976200000.0
2018-09-25,2510.65,2538.65,2475.75,2521.85,27245935.0,3563200000.0
2018-09-26,2536.1,2539.45,2506.55,2516.8,22244051.0,3385100000.0
2018-09-27,2514.95,2541.05,2477.25,2492.6,28168157.0,4219100000.0000005
2018-09-28,2500.15,2521.35,2411.9,2447.5,23344363.0,3783300000.0
2018-10-01,2447.5,2494.3,2375.85,2482.8,25008343.0,3281300000.0
2018-10-03,2488.85,2510.75,2456.8,2471.65,24051855.0,3616400000.0
2018-10-04,2454.25,2476.3,2426.55,2460.65,23394647.0,3511000000.0
2018-10-05,2454.65,2455.65,2340.55,2371.4,23191437.0,4022100000.0
2018-10-08,2356.85,2371.8,2314.65,2348.3,19336831.0,2943500000.0
2018-10-09,2365.15,2408.8,2344.8,2398.35,22511034.0,4208500000.0
2018-10-10,2403.1,2549.4,2403.1,2530.25,22703953.0,5895599999.999999
2018-10-11,2460.75,2561.3,2415.4,2526.05,25897585.0,7343400000.0
2018-10-12,2558.5,2604.95,2546.6,2566.95,19289179.0,3389000000.0
2018-10-15,2588.45,2611.3,2561.6,2600.35,44077709.0,3699200000.0
2018-10-16,2626.4,2626.4,2591.9,2606.95,33413028.0,3338600000.0
2018-10-17,2632.75,2640.0,2540.95,2551.25,21842807.0,2726700000.0
2018-10-19,2553.5,2570.9,2470.7,2497.4,39459011.0,3684700000.0000005
2018-10-22,2508.4,2525.35,2444.95,2460.25,47183640.0,5337900000.0
2018-10-23,2428.5,2460.3,2387.95,2415.1,22250137.0,2848500000.0
2018-10-24,2451.25,2454.2,2387.4,2424.6,24849151.0,3436800000.0
2018-10-25,2406.05,2420.0,2355.65,2367.05,42679362.0,4778600000.0
2018-10-26,2371.15,2378.6,2332.25,2359.1,42127329.0,4010100000.0
2018-10-29,2366.55,2429.55,2350.45,2424.2,19577744.0,3224500000.0
2018-10-30,2421.3,2480.55,2407.85,2466.1,15214707.0,2779600000.0
2018-10-31,2468.0,2503.45,2407.6,2489.4,17827867.0,3418300000.0
2018-11-01,2485.5,2517.5,2477.8,2492.3,15164940.0,2424900000.0
2018-11-02,2510.8,2526.95,2468.25,2475.85,13378760.0,2914400000.0
2018-11-05,2468.9,2475.3,2421.1,2442.15,17284150.0,4703300000.0
2018-11-06,2453.9,2473.75,2449.45,2464.55,13541749.0,3293399999.9999995
2018-11-07,2472.9,2483.35,2465.0,2471.45,2618006.0,472100000.0
2018-11-09,2466.9,2493.4,2450.25,2488.5,11518527.0,3550100000.0
2018-11-12,2480.0,2490.65,2428.1,2434.45,10187422.0,2131399999.9999998
2018-11-13,2426.15,2437.45,2402.9,2429.15,12842526.0,2118400000.0
2018-11-14,2442.25,2531.7,2386.0,2419.95,31748422.0,9787500000.0
2018-11-15,2426.55,2446.9,2403.15,2422.45,11982645.0,2960800000.0
2018-11-16,2434.35,2447.9,2402.15,2434.1,17196353.0,3749800000.0
2018-11-19,2457.15,2465.7,2420.25,2459.6,15523072.0,2386200000.0
2018-11-20,2454.95,2470.8,2437.8,2448.35,13605011.0,2913600000.0
2018-11-21,2457.2,2460.35,2416.45,2433.3,15926050.0,3350800000.0
2018-11-22,2438.2,2475.4,2437.95,2467.9,21398865.0,5548800000.0
2018-11-26,2490.55,2499.25,2461.7,2476.35,16766867.0,3887300000.0
2018-11-27,2465.8,2477.85,2447.9,2470.5,18352892.0,2686000000.0
2018-11-28,2477.65,2537.8,2476.6,2523.4,25874453.0,5946000000.0
2018-11-29,2538.85,2570.55,2535.45,2547.35,37794333.0,5955200000.0
2018-11-30,2558.15,2583.4,2535.15,2549.85,24041550.0,5894000000.0
2018-12-03,2564.95,2586.2,2521.2,2526.8,17683497.0,4161000000.0
2018-12-04,2535.2,2554.65,2512.85,2542.05,21061715.0,3386900000.0
2018-12-05,2527.7,2536.3,2489.65,2499.55,16947338.0,2786300000.0
2018-12-06,2491.5,2512.0,2450.1,2473.5,21251179.0,4251000000.0
2018-12-07,2475.3,2519.75,2471.4,2497.55,13468278.0,3363300000.0
2018-12-10,2466.7,2472.85,2439.3,2451.6,18207482.0,2077200000.0
2018-12-11,2434.05,2502.55,2430.6,2497.4,13639472.0,3775299999.9999995
2018-12-12,2505.25,2536.7,2500.15,2531.4,12640609.0,2955800000.0
2018-12-13,2541.05,2569.65,2538.95,2562.6,12315193.0,3293100000.0
2018-12-14,2552.0,2569.3,2535.75,2562.55,14763718.0,3812100000.0
2018-12-17,2551.1,2612.7,2546.7,2596.05,9631296.0,2975200000.0
2018-12-18,2580.45,2580.55,2461.7,2492.6,23275221.0,8478600000.0
2018-12-19,2492.8,2540.9,2458.0,2516.2,32575437.0,8435800000.0
2018-12-20,2513.3,2537.2,2496.6,2513.8,16766289.0,4054000000.0
2018-12-21,2521.05,2533.1,2447.15,2466.1,17143543.0,4456900000.0
2018-12-24,2478.7,2486.3,2409.2,2414.3,21702689.0,4883800000.0
2018-12-26,2409.4,2470.9,2392.1,2465.4,21751191.0,6272100000.0
2018-12-27,2481.95,2512.6,2461.6,2507.85,29096243.0,4933800000.0
2018-12-28,2503.05,2563.2,2503.05,2556.15,19652743.0,6001799999.999999
2018-12-31,2563.9,2587.8,2560.65,2566.2,14982806.0,3991500000.0
2019-01-01,2571.6,2581.75,2542.05,2574.15,8650141.0,2376300000.0
2019-01-02,2561.25,2575.0,2511.4,2540.5,11649824.0,2708900000.0
2019-01-03,2552.15,2552.3,2485.35,2491.7,12347460.0,3774000000.0
2019-01-04,2499.05,2526.55,2471.45,2519.15,14279465.0,3525299999.9999995
2019-01-07,2539.1,2544.3,2509.6,2527.2,25145223.0,3278399999.9999995
2019-01-08,2529.2,2531.55,2485.85,2495.9,19187139.0,3509800000.0
2019-01-09,2509.45,2536.65,2490.3,2494.95,22376997.0,5436400000.0
2019-01-10,2498.65,2512.4,2491.15,2496.95,11392896.0,3222900000.0
2019-01-11,2505.25,2512.6,2487.5,2496.35,12029148.0,2694800000.0
2019-01-14,2495.75,2496.65,2456.5,2471.85,12399337.0,2308000000.0
2019-01-15,2481.0,2517.95,2480.85,2501.65,35644032.0,5407900000.0
2019-01-16,2535.8,2559.3,2474.0,2480.4,33276284.0,10616099999.999998
2019-01-17,2486.25,2498.15,2408.7,2428.7,28779470.0,5558099999.999999
2019-01-18,2434.4,2435.9,2379.65,2389.6,28418563.0,6517300000.0
2019-01-21,2402.45,2404.2,2369.9,2375.95,26410827.0,4924000000.0
2019-01-22,2375.6,2376.35,2324.6,2343.25,29972707.0,5258600000.0
2019-01-23,2345.45,2400.4,2343.8,2373.75,98626190.0,10709800000.0
2019-01-24,2381.65,2397.75,2342.45,2369.6,30045694.0,7460500000.0
2019-01-25,2391.15,2394.55,1895.9,1981.6,197517889.0,32197900000.0
2019-01-28,2079.35,2169.55,1973.55,2147.55,319349747.0,50164399999.99999
2019-01-29,2136.55,2198.65,2115.7,2160.2,117117809.0,17745800000.0
2019-01-30,2168.05,2205.5,2145.95,2197.05,90442874.0,8928600000.0
2019-01-31,2202.75,2205.25,2109.5,2173.4,88748555.0,10926199999.999998
2019-02-01,2170.05,2242.25,2080.1,2097.25,73329377.0,12547300000.0
2019-02-04,2070.75,2115.8,2013.35,2068.25,63236692.0,10561300000.000002
2019-02-05,2055.05,2128.0,2048.95,2115.15,47772392.0,6139700000.0
2019-02-06,2124.25,2215.15,2124.25,2201.2,137257845.0,13654700000.0
2019-02-07,2203.75,2265.6,2190.0,2256.65,50281085.0,8294100000.0
2019-02-08,2245.4,2248.95,2206.65,2214.35,53933160.0,5966900000.000001
2019-02-11,2228.15,2254.15,2196.85,2243.6,61405024.0,10760400000.0
2019-02-12,2249.8,2286.55,2241.35,2273.5,60230810.0,7504100000.0
2019-02-13,2276.5,2287.4,2171.7,2250.1,78236291.0,9706200000.0
2019-02-14,2266.1,2360.55,2234.5,2338.1,61914230.0,9511100000.0
2019-02-15,2354.9,2356.25,2278.7,2309.95,42890586.0,7724400000.000001
2019-02-18,2305.85,2343.2,2287.15,2325.75,60623956.0,6352400000.0
2019-02-19,2325.35,2379.85,2304.3,2357.25,42881242.0,7157100000.0
2019-02-20,2363.95,2386.25,2336.6,2361.2,26581609.0,5555700000.000001
2019-02-21,2363.65,2402.85,2350.5,2387.0,43835300.0,5687600000.0
2019-02-22,2377.5,2402.4,2364.85,2394.85,50976564.0,5661700000.0
2019-02-25,2396.65,2420.85,2367.9,2388.7,29840482.0,4381800000.0
2019-02-26,2366.5,2526.9,2350.1,2465.65,63604167.0,12364400000.0
2019-02-27,2477.9,2515.15,2419.85,2443.95,44708134.0,10338900000.000002
2019-02-28,2467.6,2479.2,2425.35,2465.45,38367293.0,6665800000.0
2019-03-01,2472.5,2552.65,2471.45,2544.6,46258266.0,7642800000.0
2019-03-05,2549.25,2575.35,2531.7,2566.3,38876786.0,5210599999.999999
2019-03-06,2574.3,2586.95,2513.3,2532.8,30022811.0,6287400000.0
2019-03-07,2549.65,2555.95,2474.25,2486.05,27890672.0,6065000000.0
2019-03-08,2488.6,2493.75,2454.7,2461.25,29627245.0,5176400000.0
2019-03-11,2481.6,2495.1,2464.45,2481.55,26862897.0,4969100000.0
2019-03-12,2499.85,2563.45,2493.35,2534.45,30216236.0,7083000000.0
2019-03-13,2530.45,2535.8,2474.0,2482.65,23454770.0,4497100000.0
2019-03-14,2504.55,2528.8,2475.4,2491.75,27144284.0,5657400000.0
2019-03-15,2500.55,2548.6,2464.3,2503.95,46822869.0,9937300000.0
2019-03-18,2518.6,2534.5,2502.0,2521.55,28439589.0,5514500000.0
2019-03-19,2540.0,2554.5,2519.9,2539.35,23699691.0,4648100000.0
2019-03-20,2522.2,2522.2,2448.0,2453.55,24490354.0,6412400000.0
2019-03-22,2473.05,2473.4,2404.9,2409.8,27900460.0,6961799999.999999
2019-03-25,2388.1,2411.55,2334.35,2343.35,33803736.0,7179400000.000001
2019-03-26,2350.7,2385.7,2350.6,2363.4,29021947.0,6158400000.0
2019-03-27,2376.6,2402.9,2369.55,2385.65,29781425.0,5742900000.0
2019-03-28,2397.35,2476.5,2395.75,2468.65,40236833.0,7341000000.0
2019-03-29,2481.25,2513.9,2464.1,2496.6,35903073.0,8604700000.0
2019-04-01,2503.95,2517.65,2475.0,2481.0,40397074.0,5176900000.000001
2019-04-02,2465.25,2487.1,2418.0,2459.45,51590683.0,11442000000.0
2019-04-03,2471.3,2472.15,2392.1,2401.85,50004723.0,7792100000.0
2019-04-04,2396.6,2434.0,2374.95,2428.0,93070449.0,12203500000.0
2019-04-05,2442.35,2451.9,2427.9,2440.85,28767646.0,5543300000.0
2019-04-08,2447.9,2463.85,2408.95,2415.8,27187225.0,4321900000.0
2019-04-09,2422.25,2426.3,2393.45,2410.75,28070417.0,4637200000.0
2019-04-10,2408.85,2434.9,2394.6,2404.05,31764923.0,4811000000.0
2019-04-11,2412.75,2424.55,2388.0,2408.6,30436592.0,5222900000.0
2019-04-12,2408.85,2447.45,2406.2,2442.85,43302422.0,4810900000.0
2019-04-15,2448.95,2457.8,2429.35,2433.25,48040582.0,4322000000.0
2019-04-16,2438.25,2454.6,2430.3,2433.9,30870641.0,4068300000.0
2019-04-18,2442.95,2443.65,2374.95,2380.1,35700513.0,5134600000.0
2019-04-22,2378.0,2382.55,2352.1,2358.6,26457781.0,3997500000.0
2019-04-23,2369.85,2408.1,2356.15,2361.75,48552216.0,7741799999.999999
2019-04-24,2371.15,2392.7,2359.05,2390.35,32302166.0,4062799999.9999995
2019-04-25,2402.95,2410.7,2370.1,2379.55,32489649.0,5807500000.0
2019-04-26,2391.9,2400.25,2366.2,2375.25,20331252.0,3631200000.0
2019-04-30,2379.1,2416.35,2345.2,2408.75,37686925.0,7742300000.0
2019-05-02,2412.35,2421.7,2364.55,2370.15,26334980.0,4695900000.0
2019-05-03,2374.7,2381.05,2345.2,2349.05,19568115.0,3700500000.0
2019-05-06,2331.9,2343.25,2290.05,2297.9,19351079.0,4994600000.0
2019-05-07,2303.75,2313.7,2195.6,2234.95,63471464.0,10308100000.0
2019-05-08,2230.25,2235.65,2112.9,2133.65,118090937.0,26920900000.0
2019-05-09,2149.4,2224.15,2142.0,2209.95,77338531.0,16135300000.0
2019-05-10,2224.5,2246.25,2212.95,2228.0,46074122.0,9552000000.0
2019-05-13,2227.45,2228.4,2133.75,2143.85,39121070.0,7159600000.0
2019-05-14,2141.15,2167.4,2100.5,2149.05,48962872.0,7293800000.0
2019-05-15,2156.3,2162.0,2055.9,2068.7,89909987.0,16851800000.0
2019-05-16,2079.15,2133.25,2053.7,2115.55,61729727.0,9401800000.0
2019-05-17,2125.9,2203.5,2121.6,2190.25,45478541.0,9927700000.0
2019-05-20,2263.95,2284.95,2181.35,2226.5,52607380.0,9216200000.0
2019-05-21,2231.2,2249.0,2159.4,2174.9,36751311.0,6636500000.0
2019-05-22,2182.15,2185.65,2136.5,2163.6,32622855.0,6016600000.0
2019-05-23,2204.15,2236.95,2184.6,2192.1,52580488.0,9376200000.0
2019-05-24,2201.0,2228.1,2177.7,2220.8,65365805.0,16069300000.0
2019-05-27,2211.45,2238.35,2195.25,2202.3,48178021.0,7992500000.0
2019-05-28,2224.95,2252.95,2187.9,2245.85,74100783.0,16240800000.0
2019-05-29,2240.85,2241.5,2198.85,2225.3,35720354.0,6631300000.0
2019-05-30,2225.35,2237.0,2213.2,2226.4,31834032.0,6121400000.0
2019-05-31,2235.9,2247.55,2177.25,2204.05,35238529.0,6107200000.0
2019-06-03,2213.25,2217.95,2182.5,2198.0,28263607.0,4645200000.0
2019-06-04,2195.7,2197.9,2162.2,2165.95,31482794.0,6282600000.0
2019-06-06,2155.4,2158.2,2108.65,2131.95,39459518.0,7125300000.0
2019-06-07,2135.75,2144.75,2102.7,2131.45,41369798.0,5399400000.000001
2019-06-10,2149.8,2156.7,2075.1,2095.35,53075032.0,6733400000.0
2019-06-11,2103.2,2126.95,2069.3,2122.9,47841477.0,6259600000.0
2019-06-12,2115.8,2134.85,2100.3,2109.65,42909998.0,4528300000.0
2019-06-13,2103.2,2138.0,2091.3,2134.0,32796896.0,4664400000.0
2019-06-14,2127.35,2134.45,2069.45,2086.15,49408400.0,7271400000.0
2019-06-17,2088.15,2090.85,2042.5,2053.7,28716617.0,4568700000.0
2019-06-18,2053.9,2084.7,2034.65,2051.2,53870178.0,7458800000.0
2019-06-19,2057.55,2081.75,2036.9,2058.55,39878243.0,5534900000.0
2019-06-20,2055.55,2083.15,2020.65,2076.95,41352158.0,5161300000.0
2019-06-21,2067.9,2072.15,2042.8,2047.7,40452464.0,5830700000.000001
2019-06-24,2053.55,2061.7,2022.75,2038.05,34000602.0,3651500000.0
2019-06-25,2028.8,2051.2,1998.85,2043.45,55226635.0,7854700000.0
2019-06-26,2039.55,2062.8,2032.9,2053.95,,
2019-06-27,2051.6,2071.15,2038.7,2049.65,59384265.0,5649700000.0
2019-06-28,2044.25,2057.55,2031.1,2039.8,41610284.0,5329000000.0
2019-07-01,2042.25,2109.85,2019.5,2092.75,54858269.0,6873200000.000001
2019-07-02,2092.15,2116.35,2068.8,2089.35,78770737.0,9484100000.0
2019-07-03,2085.3,2123.2,2085.0,2111.75,68175299.0,6172000000.0
2019-07-04,2121.8,2137.15,2099.75,2103.6,73887243.0,6382800000.0
2019-07-05,2107.3,2112.95,2045.95,2053.15,34893158.0,4746300000.0
2019-07-08,2051.0,2052.45,1981.05,1986.3,44227031.0,4618000000.0
2019-07-09,1984.95,2001.45,1968.85,1984.35,63691857.0,5683099999.999999
2019-07-10,1986.3,2016.2,1964.35,1980.45,56041086.0,7235700000.000001
2019-07-11,1988.9,2068.15,1986.2,2057.15,87038361.0,7355700000.000001
2019-07-12,2062.8,2082.05,2052.6,2066.1,78525760.0,6265900000.0
2019-07-15,2063.9,2070.6,2042.85,2056.35,66577580.0,5119000000.0
2019-07-16,2051.6,2082.15,2044.35,2053.35,58638298.0,4855800000.0
2019-07-17,2054.95,2087.1,2052.95,2067.45,42136368.0,5057600000.0
2019-07-18,2066.15,2084.9,2048.85,2072.2,63545478.0,7302100000.0
2019-07-19,2077.6,2083.1,1991.0,2020.1,70946689.0,6524700000.0
2019-07-22,2011.75,2061.5,1996.95,2058.05,52286738.0,5754800000.0
2019-07-23,2054.4,2079.3,2043.5,2062.5,41227511.0,5577200000.0
2019-07-24,2072.25,2108.8,2051.35,2097.3,56744307.0,10241600000.0
2019-07-25,2085.6,2129.7,2083.45,2119.9,41110383.0,9762900000.0
2019-07-26,2104.9,2144.65,2094.5,2133.35,45009101.0,11758800000.000002
2019-07-29,2136.65,2136.65,2054.6,2063.35,36715770.0,5088200000.0
2019-07-30,2063.5,2078.25,2011.4,2016.6,36319685.0,4732300000.0
2019-07-31,2010.35,2037.1,1947.35,1957.8,66390124.0,8680400000.0
2019-08-01,1940.05,1961.2,1880.0,1896.8,58188668.0,9599400000.0
2019-08-02,1884.3,1900.7,1861.25,1870.65,46803607.0,6267400000.0
2019-08-05,1852.8,1859.35,1801.6,1807.5,53357841.0,5641900000.000001
2019-08-06,1791.8,1813.8,1758.6,1786.1,64758167.0,10371500000.0
2019-08-07,1790.65,1853.2,1788.65,1819.9,59753813.0,9323100000.0
2019-08-08,1810.4,1855.1,1803.25,1845.5,38782666.0,4785800000.0
2019-08-09,1852.55,1879.9,1826.65,1832.75,44127287.0,5268400000.0
2019-08-13,1822.65,1865.0,1790.5,1811.55,60167708.0,7689100000.0
2019-08-14,1824.15,1863.8,1820.0,1861.5,48535698.0,5426300000.0
2019-08-16,1856.8,1862.95,1826.15,1859.1,31475185.0,4311100000.0
2019-08-19,1862.2,1885.7,1854.5,1871.4,28973557.0,4740700000.0
2019-08-20,1872.7,1878.55,1855.95,1866.05,31122696.0,4277700000.0
2019-08-21,1858.85,1868.5,1834.7,1839.05,32271227.0,3864500000.0
2019-08-22,1832.6,1837.1,1773.75,1782.4,45288883.0,4759700000.0
2019-08-23,1779.7,1863.35,1770.15,1856.9,45099611.0,4948300000.0
2019-08-26,1878.45,1932.05,1842.3,1922.85,52799126.0,5240000000.0
2019-08-27,1916.8,1925.95,1908.45,1919.35,46037009.0,4326000000.0
2019-08-28,1915.4,1956.05,1911.8,1921.3,41592917.0,3696300000.0
2019-08-29,1922.6,1922.6,1882.75,1892.15,37641210.0,3369600000.0
2019-08-30,1898.8,1922.3,1875.0,1914.65,39606020.0,4198700000.0
2019-09-03,1900.45,1904.35,1860.0,1865.0,30688922.0,2769400000.0
2019-09-04,1865.45,1876.2,1824.75,1853.85,35074445.0,3361300000.0
2019-09-05,1856.25,1889.45,1853.8,1883.35,51921051.0,2872400000.0
2019-09-06,1897.95,1921.9,1892.75,1905.85,44408292.0,3550500000.0
2019-09-09,1906.55,1929.45,1893.45,1912.05,32215681.0,2527700000.0
2019-09-11,1919.55,1931.05,1905.45,1911.5,33045465.0,3531600000.0000005
2019-09-12,1914.4,1932.85,1875.85,1902.7,28809657.0,3608000000.0
2019-09-13,1909.95,1920.95,1894.15,1917.0,28018317.0,2697300000.0
2019-09-16,1906.8,1954.15,1903.05,1922.45,36072315.0,3068600000.0
2019-09-17,1929.15,1931.05,1869.65,1876.15,37782216.0,3454600000.0
2019-09-18,1885.7,1905.55,1863.95,1867.95,32202241.0,2957100000.0
2019-09-19,1866.75,1866.75,1777.45,1785.65,51253699.0,6260900000.0
2019-09-20,1788.1,1869.7,1676.5,1845.85,162923764.0,21895000000.0
2019-09-23,1878.25,1907.55,1843.0,1858.95,100384967.0,13972900000.0
2019-09-24,1866.95,1885.55,1818.3,1862.8,130103919.0,21634100000.0
2019-09-25,1880.0,1887.15,1807.15,1826.2,83598883.0,13600600000.0
2019-09-26,1828.3,1876.95,1821.25,1870.95,81657312.0,13861500000.0
2019-09-27,1857.05,1880.7,1831.05,1838.4,81565295.0,11337000000.0
2019-09-30,1833.1,1842.2,1771.05,1800.0,63086479.0,8478400000.0
2019-10-01,1809.15,1818.55,1634.4,1722.15,88164625.0,11425400000.0
2019-10-03,1726.5,1789.3,1694.85,1771.3,75184413.0,9798900000.0
2019-10-04,1773.6,1774.35,1700.55,1707.85,62963077.0,7481200000.0
2019-10-07,1669.4,1739.45,1630.5,1729.6,92842675.0,13951500000.0
2019-10-09,1723.65,1745.4,1699.35,1734.7,66773060.0,8181500000.0
2019-10-10,1727.35,1738.55,1707.55,1712.35,46226748.0,4031200000.0
2019-10-11,1714.9,1726.1,1692.9,1707.25,49889212.0,4973400000.0
2019-10-14,1717.3,1734.25,1699.3,1718.25,38363552.0,3824200000.0
2019-10-15,1707.05,1751.75,1703.35,1740.8,47096943.0,5591300000.0
2019-10-16,1744.95,1778.05,1739.4,1752.25,50174968.0,7043600000.0
2019-10-17,1764.45,1794.3,1751.65,1780.7,83713545.0,14829500000.0
2019-10-18,1747.2,1783.35,1735.6,1762.8,108744606.0,16397600000.0
2019-10-22,1767.0,1790.9,1748.6,1757.1,77164929.0,7050900000.0
2019-10-23,1760.65,1762.15,1717.9,1735.1,74762939.0,5315700000.000001
2019-10-24,1750.65,1766.5,1720.25,1724.15,76958798.0,5526900000.000001
2019-10-25,1729.15,1747.4,1720.25,1732.35,,
2019-10-27,1749.35,1757.9,1736.5,1744.15,8493398.0,504500000.0
2019-10-29,1744.05,1751.7,1732.0,1738.9,61133275.0,4717600000.0
2019-10-30,1747.6,1757.4,1723.95,1728.9,51143622.0,5707100000.0
2019-10-31,1739.3,1805.15,1734.3,1786.8,107780217.0,9634600000.0
2019-11-01,1794.1,1934.85,1793.15,1924.85,223202895.0,22084400000.0
2019-11-04,1915.8,1919.85,1858.25,1865.95,117127779.0,12376700000.0
2019-11-05,1868.7,1877.0,1827.1,1839.0,79693617.0,7746000000.0
2019-11-06,1840.05,1879.9,1825.7,1832.8,78720036.0,10099600000.0
2019-11-07,1840.85,1852.9,1820.0,1839.2,43595124.0,4347700000.0
2019-11-08,1842.05,1854.9,1820.2,1825.85,52943580.0,4701200000.0
2019-11-11,1825.45,1885.75,1818.0,1878.9,88056037.0,8227500000.0
2019-11-13,1865.75,1866.3,1789.55,1793.85,120756716.0,12885400000.0
2019-11-14,1800.95,1815.6,1785.4,1791.95,79224599.0,7662600000.0
2019-11-15,1800.45,1812.7,1781.1,1801.0,60243377.0,6265599999.999999
2019-11-18,1816.4,1825.6,1801.2,1815.7,73037937.0,4589900000.0
2019-11-19,1817.95,1818.55,1796.4,1804.85,72954843.0,5149299999.999999
2019-11-20,1817.8,1873.65,1798.9,1863.2,204277345.0,13704100000.0
2019-11-21,1939.65,1996.2,1888.65,1939.15,279860537.0,40043500000.0
2019-11-22,1949.85,1993.75,1932.25,1978.55,141194235.0,25750600000.0
2019-11-25,1978.95,1982.3,1944.95,1960.45,89233182.0,10566700000.0
2019-11-26,1958.2,1961.6,1880.3,1889.35,136184478.0,23395700000.0
2019-11-27,1878.0,1917.6,1872.7,1881.9,99303089.0,14403000000.0
2019-11-28,1875.5,1899.15,1857.05,1881.2,152412987.0,19784600000.0
2019-11-29,1887.8,1917.0,1811.2,1834.9,144654375.0,15563500000.0
2019-12-02,1837.35,1868.05,1815.05,1826.35,128205987.0,13580000000.0
2019-12-03,1837.3,1841.8,1763.35,1783.3,133059976.0,10657200000.0
2019-12-04,1783.0,1812.8,1770.15,1797.6,145686579.0,9789500000.0
2019-12-05,1809.1,1858.4,1798.35,1850.65,158627854.0,17334500000.0
2019-12-06,1849.85,1859.6,1774.55,1787.4,196358667.0,11965400000.0
2019-12-09,1795.2,1817.55,1772.05,1775.8,147590043.0,8984200000.0
2019-12-10,1780.0,1784.95,1736.55,1741.35,86202102.0,9480500000.0
2019-12-11,1750.85,1760.1,1723.95,1752.65,115621709.0,10249200000.0
2019-12-12,1755.35,1764.75,1737.45,1758.1,58518915.0,5875800000.0
2019-12-13,1760.9,1775.05,1758.6,1765.7,57855107.0,5153400000.0
2019-12-16,1777.9,1777.9,1751.6,1755.0,60061926.0,4207799999.9999995
2019-12-17,1756.9,1785.8,1755.25,1772.1,51021862.0,6324000000.0
2019-12-18,1774.35,1778.95,1754.9,1766.0,40744867.0,5700300000.0
2019-12-19,1768.65,1775.6,1757.45,1766.45,53219828.0,4482100000.0
2019-12-20,1770.15,1798.45,1764.7,1787.8,171718040.0,10905200000.0
2019-12-23,1789.45,1810.05,1782.85,1803.2,85095968.0,8186600000.0
2019-12-24,1805.1,1822.6,1792.6,1797.3,78219476.0,7945500000.0
2019-12-26,1797.15,1803.2,1787.25,1797.85,75325390.0,6419100000.0
2019-12-27,1803.6,1825.65,1800.1,1815.55,43827460.0,6748700000.0
2019-12-30,1817.35,1839.55,1814.95,1830.3,35997627.0,5303400000.0
2019-12-31,1830.65,1835.9,1799.1,1803.6,45564236.0,5074700000.0
2020-01-01,1809.6,1817.6,1789.9,1794.2,59060199.0,4296200000.0
2020-01-02,1777.95,1807.65,1760.8,1800.65,57610018.0,8906700000.0
2020-01-03,1799.3,1799.5,1755.1,1760.5,61569807.0,8368800000.0
2020-01-06,1763.05,1763.9,1712.95,1717.35,55486973.0,6213300000.0
2020-01-07,1728.1,1753.75,1721.7,1735.15,63218816.0,6194000000.0
2020-01-08,1716.2,1729.7,1706.35,1726.6,58790853.0,5352900000.0
2020-01-09,1749.1,1772.45,1747.75,1767.95,47531017.0,6168300000.0
2020-01-10,1773.6,1796.35,1760.85,1770.65,97948969.0,11136800000.0
