id,profit
6701,6.6564116
6702,49.68853
6703,2.5364356
6704,2.1915457
6705,23.580128
6706,61.19138
6707,9.499096
6708,14.501686
6709,5.903661
6710,-10.35062
6711,-18.769514
6712,10.272882
6713,36.295975
6714,10.732772
6715,5.1029105
6716,10.241368
6717,10.022387
6718,60.73156
6719,15.41144
6720,10.022387
6721,10.552497
6722,13.82544
6723,27.251194
6724,5.043869
6725,7.2633147
6726,0.6702445
6727,-4.0800643
6728,-58.236904
6729,1.5382992
6730,67.06727
6731,-0.004713086
6732,3.0171354
6733,5.110107
6734,3.429159
6735,44.86447
6736,1.019958
6737,-7.5897474
6738,6.8878326
6739,19.05645
6740,940.6059
6741,1.019958
6742,6.264477
6743,-15.694425
6744,41.646053
6745,82.44049
6746,9.00814
6747,131.82416
6748,158.87521
6749,-7.2620945
6750,5.110107
6751,1.9269456
6752,35.875725
6753,2.3825948
6754,8.727771
6755,36.346325
6756,58.198627
6757,-29.441637
6758,-20.366184
6759,-98.37602
6760,-2.675157
6761,4.159225
6762,15.800396
6763,311.2789
6764,5.110107
6765,3.0008295
6766,20.686087
6767,-6.587788
6768,29.486639
6769,9.43778
6770,28.516237
6771,5.2477417
6772,224.82326
6773,-245.01578
6774,711.8451
6775,-12.605683
6776,-7.508062
6777,-193.89195
6778,5.4447017
6779,4.4805846
6780,46.88476
6781,41.58527
6782,3.445056
6783,5.225721
6784,12.462141
6785,-4.1385493
6786,2.3764126
6787,153.62679
6788,10.025832
6789,-13.351302
6790,-151.36478
6791,-60.0861
6792,-2.6277874
6793,-6.0024147
6794,-30.62203
6795,18.42162
6796,10.450374
6797,0.800977
6798,-1287.4095
6799,6.0483155
6800,3.1783264
6801,389.306
6802,4.2528257
6803,5.811353
6804,-39.374805
6805,-1.4515406
6806,4.7765336
6807,-2.7753003
6808,13.344149
6809,2708.1794
6810,48.390087
6811,28.406612
6812,1.7255136
6813,-113.24949
6814,3.211663
6815,9.707142
6816,43.200783
6817,6.107357
6818,6.6459746
6819,4.433606
6820,11.228903
6821,6.3903694
6822,59.396385
6823,1275.2141
6824,45.587193
6825,6.1774163
6826,21.369238
6827,-0.87940866
6828,5.548675
6829,-0.3919095
6830,10.864026
6831,-6.1217537
6832,-6.587788
6833,72.00193
6834,11.227915
6835,17.066854
6836,12.550173
6837,6.3903694
6838,4.30358
6839,29.252443
6840,4.3222785
6841,4.5804415
6842,4.797791
6843,9.435716
6844,20.019684
6845,5.0672917
6846,14.425905
6847,4.38438
6848,-38.95447
6849,2.9029615
6850,-23.195827
6851,-6.4824843
6852,-147.98334
6853,57.49673
6854,22.32484
6855,18.044575
6856,21.40545
6857,4.5600004
6858,6.253162
6859,0.9977353
6860,-292.8073
6861,2.6319525
6862,41.485622
6863,8.90433
6864,-10.924368
6865,-10.920222
6866,3.010902
6867,6.8689365
6868,12.054873
6869,40.82519
6870,24.43625
6871,120.13907
6872,114.3204
6873,74.60718
6874,103.85372
6875,26.301342
6876,1.6426383
6877,9.421609
6878,-3.1934702
6879,240.89993
6880,34.74383
6881,-6.687438
6882,4.177471
6883,5.2620096
6884,15.700747
6885,5.9509516
6886,-263.0699
6887,4.3117704
6888,5.7768755
6889,10.042386
6890,5.0624743
6891,347.07983
6892,-90.79032
6893,9.5084505
6894,78.44912
6895,49.42539
6896,515.30853
6897,1.3863403
6898,-617.6412
6899,7.8960924
6900,136.8463
6901,-15.798854
6902,18.012941
6903,38.639336
6904,57.460964
6905,-6.687438
6906,-6.687438
6907,89.36595
6908,9.963651
6909,53.494186
6910,15.683433
6911,26.087503
6912,24.43625
6913,5.510373
6914,25.150167
6915,-22.034197
6916,-6.1786733
6917,-7.8067613
6918,11.015934
6919,3.084589
6920,-617.8601
6921,0.70140034
6922,12.899932
6923,2.5318632
6924,79.77547
6925,15.683374
6926,30.6077
6927,5.0558453
6928,4.30358
6929,29.571312
6930,269.67737
6931,3.816729
6932,14.826981
6933,3.0761611
6934,10.852103
6935,22.340174
6936,5.7735305
6937,-22.668814
6938,4.797791
6939,51.346294
6940,2.8179264
6941,-10.005845
6942,11.432366
6943,75.81723
6944,9.042512
6945,7.314769
6946,10.3609705
6947,5.9445167
6948,10.141989
6949,7.0101624
6950,4.2911167
6951,57.934998
6952,60.37067
6953,-4.18067
6954,10.206949
6955,40.854748
6956,5.7665014
6957,3.9430578
6958,5582.5693
6959,118.11359
6960,7.977212
6961,21.063232
6962,156.87132
6963,30.703169
6964,37.722904
6965,-8.11173
6966,67.85866
6967,61.046192
6968,5.696746
6969,60.75376
6970,7.5130334
6971,5.696746
6972,10.026972
6973,543.03375
6974,-65.61121
6975,-419.04855
6976,1.3875986
6977,23.848822
6978,66.12445
6979,5.1234784
6980,9.504976
6981,28.946598
6982,13.636996
6983,7.493229
6984,67.78135
6985,26.917704
6986,57.628803
6987,3.988623
6988,53.727005
6989,10.437716
6990,11.539947
6991,122.99592
6992,3.147813
6993,5.22073
6994,97.37112
6995,73.597755
6996,27.813128
6997,15.990278
6998,98.60084
6999,134.6111
7000,5.0607905
7001,110.83366
7002,231.29932
7003,56.360363
7004,436.15558
7005,6.8228354
7006,136.78444
7007,11.144911
7008,8.077237
7009,173.11066
7010,7.22751
7011,17.322027
7012,132.27179
7013,-5.944893
7014,9.715316
7015,4.660891
7016,14.486879
7017,5.3571253
7018,26.19662
7019,9.444332
7020,231.33557
7021,39.026966
7022,26.63179
7023,19.918324
7024,200.3654
7025,-5.606573
7026,17.407434
7027,1225.0465
7028,29.985666
7029,-56.895657
7030,3.3613832
7031,-82.11307
7032,22.50079
7033,-53.337196
7034,3.65949
7035,84.42542
7036,3.3611002
7037,5.389048
7038,3.1793287
7039,12.614023
7040,5.1785603
7041,4.312222
7042,19.643118
7043,16.171217
7044,1.9396544
7045,20.861162
7046,939.07465
7047,-12.702416
7048,19.200382
7049,-5.2580347
7050,1.2302294
7051,16.60178
7052,54.91447
7053,2.9873047
7054,5.7448626
7055,11.426121
7056,23.341091
7057,56.652634
7058,7.1891394
7059,-161.38356
7060,-78.38062
7061,-219.27
7062,-19.561611
7063,30.424347
7064,4.0564966
7065,95.28989
7066,88.59691
7067,139.31737
7068,10.437646
7069,22.029875
7070,7.822228
7071,10.675236
7072,6.8332725
7073,5.009331
7074,145.19435
7075,16.998701
7076,1.6833936
7077,16.872568
7078,7.0991597
7079,10.983215
7080,39.351757
7081,226.1581
7082,6.775135
7083,53.131878
7084,4.4419103
7085,57.62536
7086,183.40567
7087,10.490658
7088,4.095006
7089,-18.924803
7090,4.128417
7091,16.098124
7092,5.670442
7093,10.202693
7094,24.95629
7095,-1.3629853
7096,-4.7164845
7097,16.369179
7098,153.6333
7099,19.02719
7100,29.567036
7101,117.745895
7102,31.000986
7103,1.6833936
7104,24.074268
7105,-2.4824426
7106,20.041399
7107,62.68377
7108,9.435907
7109,26.760744
7110,274.0649
7111,5.168632
7112,27.64148
7113,4.6574454
7114,9.038944
7115,33.959736
7116,-64.01183
7117,2.8167508
7118,-7.4128866
7119,4.309895
7120,5.5627837
7121,46.18859
7122,-22.658237
7123,-8.231754
7124,-8.016216
7125,-0.7606139
7126,1.0764794
7127,4.7929206
7128,8.871429
7129,72.266556
7130,-114.69079
7131,-22.439257
7132,8.452347
7133,-6.1919446
7134,19.484196
7135,-10.109219
7136,25.66336
7137,94.52406
7138,17.618603
7139,42.23157
7140,6.182139
7141,5.4392476
7142,32.6272
7143,2.903247
7144,20.34722
7145,23.098053
7146,2.7784362
7147,21.78636
7148,8.909843
7149,-8.440028
7150,3.837526
7151,6.6447263
7152,85.404144
7153,22.462502
7154,156.59987
7155,30.374012
7156,10.437646
7157,-93.20226
7158,457.0991
7159,-8.231754
7160,-74.784874
7161,-5.902162
7162,21.36393
7163,10.46104
7164,24.585323
7165,23.014235
7166,25.460424
7167,159.16162
7168,-113.7711
7169,15.500896
7170,17.550352
7171,3.892662
7172,-15.495142
7173,13.743265
7174,3.8211455
7175,380.78983
7176,1.1968187
7177,57.249775
7178,107.99884
7179,18.410656
7180,1.4772136
7181,140.12653
7182,-120.36548
7183,-3.2039373
7184,3.4849021
7185,40.615566
7186,3.8070288
7187,6.4644966
7188,4.336574
7189,7.1259933
7190,101.42668
7191,30.802567
7192,225.60556
7193,3.2896576
7194,44.289062
7195,16.448689
7196,-5.7973547
7197,29.929781
7198,20.68282
7199,15.136796
7200,4.4801064
7201,2.4581354
7202,-3.2039373
7203,12.665218
7204,30.615011
7205,-254.99701
7206,-4.2521124
7207,-8.798664
7208,1.3964154
7209,-14.4238
7210,-7.0393267
7211,4.9774218
7212,5.9625196
7213,10.423414
7214,3.877294
7215,5.384676
7216,90.77239
7217,8.078003
7218,-18.590315
7219,8.5896845
7220,6.1780553
7221,-10.180661
7222,-14.578883
7223,2.7008116
7224,-55.990833
7225,0.6908594
7226,-10.464658
7227,66.06783
7228,16.68594
7229,57.05065
7230,-24.100796
7231,5.5193567
7232,2.849228
7233,14.168453
7234,0.9063953
7235,78.17122
7236,-324.7051
7237,2.2724771
7238,27.625847
7239,-124.57599
7240,-8.303197
7241,1.3964154
7242,0.6908594
7243,1.3964154
7244,-8.61769
7245,5.6506243
7246,2.8551412
7247,2.491458
7248,-41.25915
7249,72.73687
7250,18.564692
7251,13.968545
7252,4.3704677
7253,8.455146
7254,-6.6979055
7255,16.800396
7256,1.1316465
7257,-0.49898452
7258,42.549793
7259,4.3739123
7260,-6.263388
7261,-6.263388
7262,-6.437912
7263,4.9186435
7264,65.03571
7265,27.533884
7266,-4.0754833
7267,-10.615179
7268,5.8951607
7269,6.3047523
7270,15.128231
7271,7.497195
7272,5.3215714
7273,16.650055
7274,29.871498
7275,0.7146438
7276,-10.711708
7277,7.0070763
7278,15.812159
7279,6.464384
7280,-64.47721
7281,29.56678
7282,0.55267745
7283,-7.0393267
7284,-2842.7935
7285,-5.7605486
7286,-6.0163355
7287,-129.11876
7288,-288.04996
7289,-6.6979055
7290,7.1259933
7291,84.3726
7292,0.6908594
7293,21.016933
7294,21.36472
7295,1528.3464
7296,934.7975
7297,10.826676
7298,127.85115
7299,98.63228
7300,50.051693
7301,50.712124
7302,2.491458
7303,8.777172
7304,3.1259985
7305,98.697266
7306,2.491458
7307,48.834126
7308,2.6452987
7309,6.8078194
7310,30.13737
7311,11.6974325
7312,16.335573
7313,11.125884
7314,4.722353
7315,37.832096
7316,17.739206
7317,318.02875
7318,18.01059
7319,-0.34276357
7320,1.830932
7321,68.85684
7322,1.5352107
7323,40.11349
7324,4.3528075
7325,101.63173
7326,114.21849
7327,2.6452987
7328,4.015476
7329,1.1340309
7330,0.9098402
7331,40.207
7332,40.726032
7333,9.330298
7334,2.145598
7335,9.695457
7336,85.55439
7337,0.9098402
7338,13.952844
7339,3.074122
7340,8.417395
7341,2.3972886
7342,9.497983
7343,13.125341
7344,21.742277
7345,3.386703
7346,4.512094
7347,1.372502
7348,36.45403
7349,-8.084215
7350,1.1568921
7351,-8.0527
7352,29.802814
7353,-0.7663352
7354,41.46941
7355,8.320142
7356,-34.359184
7357,-8.299751
7358,-3.2039373
7359,6.02998
7360,26.134787
7361,54.168728
7362,4.721478
7363,199.442
7364,-20.89847
7365,303.12238
7366,17.99903
7367,2.9070177
7368,3.1900299
7369,5.6478486
7370,1.6248196
7371,-6.263388
7372,27.561794
7373,22.106855
7374,24.572012
7375,10.205515
7376,2.8825643
7377,19.828041
7378,3.8514512
7379,0.6908594
7380,3.074405
7381,17.805603
7382,-5.3489695
7383,11.78089
7384,58.874657
7385,-8.833226
7386,14.835287
7387,48.404476
7388,10.722642
7389,9.990731
7390,3.8125007
7391,27.071472
7392,-10.506035
7393,98.14439
7394,5.218971
7395,9.573619
7396,5.218971
7397,13.169994
7398,41.322502
7399,5.190787
7400,118.8788
7401,5.2758055
7402,9.515952
7403,8.343193
7404,23.443043
7405,3.2725341
7406,140.05328
7407,21.400871
7408,152.93124
7409,19.61624
7410,139.4585
7411,111.10901
7412,7.340894
7413,370.6622
7414,-4.2486672
7415,19.288387
7416,4.5086484
7417,8.857597
7418,-6.8271437
7419,9.584197
7420,14.569941
7421,-1.1870403
7422,3.074405
7423,4.8726864
7424,2.3972886
7425,-0.8351917
7426,-2.9884021
7427,-8.61769
7428,5.491341
7429,50.33517
7430,7.297287
7431,42.862835
7432,16.167826
7433,40.98744
7434,267.2667
7435,27.312574
7436,25.008308
7437,-15.812766
7438,-10.715154
7439,27.96618
7440,88.236595
7441,85.810005
7442,92.72672
7443,110.44442
7444,-10.195736
7445,160.66791
7446,-1.4557384
7447,4.7466035
7448,91.28556
7449,-15.566584
7450,-2.7694213
7451,20.25627
7452,3.4640565
7453,44.585335
7454,7.7591066
7455,30.465229
7456,1.8799217
7457,-63.455635
7458,14.072195
7459,-3.4071167
7460,-46.265865
7461,6.603129
7462,20.966354
7463,4.714771
7464,4.7738123
7465,51.874252
7466,9.915714
7467,4.9337516
7468,-35.17602
7469,-48.96889
7470,-51.319027
7471,15.905818
7472,-64.47376
7473,3.4675016
7474,50.639153
7475,-3.2039373
7476,-6.0163355
7477,110.89347
7478,20.218344
7479,17.281443
7480,4.99999
7481,4.99999
7482,8.160774
7483,1.6053101
7484,-40.605198
7485,-5.274764
7486,-3.2039373
7487,14.619751
7488,194.01958
7489,33.772373
7490,3.4090106
7491,6.3285522
7492,-5.274764
7493,61.862568
7494,3.500211
7495,6.1370964
7496,2.414748
7497,29.264172
7498,156.94696
7499,7.0831184
7500,27.343699
7501,6.8506007
7502,8.386506
7503,72.571625
7504,41.694134
7505,3.2899406
7506,-7.286377
7507,3.584006
7508,3.9248486
7509,10.4617605
7510,6.943129
7511,-6.272364
7512,-168.91183
7513,16.901476
7514,3.1259985
7515,0.6908594
7516,47.6521
7517,24.641188
7518,20.946508
7519,-2.0981038
7520,-161.92068
7521,83.63442
7522,-6.5085163
7523,70.85659
7524,34.284454
7525,41.948036
7526,24.092644
7527,24.572012
7528,461.92487
7529,2.4116943
7530,118.35069
7531,24.223492
7532,24.767841
7533,51.173637
7534,-21.786644
7535,-52.768105
7536,-6.48237
7537,-6.723381
7538,3.1000602
7539,-0.252
7540,17.733438
7541,-1.8654991
7542,-483.37347
7543,271.78934
7544,7.40948
7545,1.6153961
7546,44.3183
7547,40.859516
7548,4.6356306
7549,18.386494
7550,14.110596
7551,9.543199
7552,62.53677
7553,11.268473
7554,8.233465
7555,3.0981004
7556,-13.400815
7557,-122.895775
7558,-41.84603
7559,0.9064691
7560,21.101328
7561,6.382165
7562,11.725252
7563,4.7738123
7564,59.574677
7565,12.182587
7566,935.02057
7567,-7.543105
7568,-6.48237
7569,13.440837
7570,441.9902
7571,178.75119
7572,58.804382
7573,4.989348
7574,140.29532
7575,1.3162299
7576,-77.11007
7577,-1.8355502
7578,354.67825
7579,23.722483
7580,153.03209
7581,250.33914
7582,16.84963
7583,-33.263927
7584,4.9343295
7585,12.379733
7586,-0.05368367
7587,25.838541
7588,4.727629
7589,5.193662
7590,10.600166
7591,26.644592
7592,52.04046
7593,27.480927
7594,-44.84734
7595,0.2056601
7596,27.135933
7597,86.05932
7598,25.303717
7599,3.550422
7600,14.596837
7601,27.447964
7602,9.330298
7603,46.18636
7604,21.38442
7605,51.727726
7606,10.423106
7607,61.300243
7608,15.560592
7609,9.60796
7610,-13.431853
7611,5.748288
7612,-8.037544
7613,-289.73315
7614,12.921152
7615,-0.21563187
7616,-0.53786325
7617,9.815914
7618,12.728315
7619,1.3964154
7620,6.7367735
7621,-6.659328
7622,2.491458
7623,30.98749
7624,0.665384
7625,45.525093
7626,-41.34118
7627,5.979237
7628,14.907547
7629,15.405795
7630,42.88614
7631,2.2724771
7632,80.2377
7633,2.6128242
7634,14.871897
7635,27.165102
7636,-44.161102
7637,-3.2039373
7638,5.376468
7639,9.519939
7640,-8.614244
7641,5.1156034
7642,151.13762
7643,0.2185286
7644,-22.687536
7645,36.65189
7646,9.6967325
7647,249.00371
7648,9.355632
7649,-6.6979055
7650,-13.150319
7651,-8.833226
7652,-3.2039373
7653,118.135155
7654,17.256289
7655,13.406014
7656,2.173585
7657,15.396095
7658,51.10916
7659,27.121042
7660,112.23142
7661,6.38561
7662,0.97176963
7663,6.2754745
7664,97.78722
7665,-0.8351917
7666,71.59853
7667,1.7856334
7668,17.714096
7669,40.615566
7670,2.6507163
7671,3.2896576
7672,-2.7694213
7673,-4.1069994
7674,-4.568323
7675,1331.1542
7676,30.802567
7677,86.68437
7678,15.690279
7679,18.002474
7680,46.36176
7681,34.98279
7682,-1.8654991
7683,-4.467648
7684,-19.848589
7685,-19.848589
7686,-81.00793
7687,119.40982
7688,194.7174
7689,52.63272
7690,356.77475
7691,258.26602
7692,108.49831
7693,6.9316363
7694,97.97069
7695,3.0706768
7696,301.9123
7697,26.296017
7698,4.3739123
7699,18.065134
7700,206.06769
7701,4.618834
7702,7.624358
7703,-45.949867
7704,-56.95875
7705,-112.98093
7706,23.571754
7707,-317.53308
7708,18.213531
7709,7.1898417
7710,130.3861
7711,-85.15671
7712,-10.711708
7713,0.93980587
7714,22.276714
7715,104.443954
7716,57.535763
7717,29.995361
7718,11.493333
7719,6.361322
7720,37.529087
7721,33.908688
7722,-412.04745
7723,3.0706768
7724,5.982682
7725,42.014034
7726,16.263222
7727,0.1785331
7728,0.1786069
7729,236.22697
7730,15.423158
7731,12.1919985
7732,19.110882
7733,4.992793
7734,4.512094
7735,125.1301
7736,110.89347
7737,59.223156
7738,79.35352
7739,-94.263985
7740,-117.82525
7741,3.8148022
7742,10.247455
7743,21.640821
7744,24.478346
7745,4.8658857
7746,121.08013
7747,30.004421
7748,7.4939237
7749,61.09084
7750,32.49955
7751,0.9063953
7752,78.24226
7753,15.941314
7754,27.201803
7755,3.0981004
7756,4.047763
7757,4.217618
7758,4.293113
7759,-0.8351917
7760,45.790733
7761,11.371971
7762,-15.343288
7763,65.18059
7764,5.331139
7765,4.1175933
7766,6.920302
7767,-20.135477
7768,-1.0212216
7769,25.1397
7770,40.641514
7771,6.765052
7772,-7.3722124
7773,142.65608
7774,-2.4102945
7775,13.568033
7776,-6.9945807
7777,-56.875034
7778,-16.028301
7779,-111.38184
7780,-40.180046
7781,12.857059
7782,4.990722
7783,1.5914828
7784,-6.4789243
7785,8.819932
7786,-72.37331
7787,29.945742
7788,55.35192
7789,634.0212
7790,908.17664
7791,26.644592
7792,11.425073
7793,10.13125
7794,-14.912443
7795,-6.6749244
7796,5.1964025
7797,10.21071
7798,5.334584
7799,3.7695174
7800,6.9881296
7801,288.2909
7802,10.229889
7803,4.8511662
7804,5.4063225
7805,-6.6979055
7806,0.69093317
7807,24.572012
7808,3.386703
7809,60.62589
7810,8.945109
7811,11.300859
7812,-15.0134
7813,21.176277
7814,19.077549
7815,204.18324
7816,0.72427016
7817,5.9353786
7818,3.7044165
7819,6.1457863
7820,-10.711708
7821,-4.2486672
7822,-76.34005
7823,0.57396567
7824,9.584197
7825,-0.24219207
7826,2.8826814
7827,1.1568921
7828,15.66669
7829,17.03505
7830,5.678734
7831,9.746192
7832,36.89199
7833,3.0981004
7834,-18.287567
7835,61.681767
7836,17.914185
7837,-4.2521124
7838,34.55537
7839,4.27588
7840,4.1549315
7841,4.8298426
7842,64.528854
7843,36.18586
7844,10.046905
7845,17.940958
7846,135.65834
7847,41.499733
7848,41.867237
7849,4.8399453
7850,11.463457
7851,0.23177433
7852,3.107886
7853,10.407118
7854,3.5286255
7855,2.4317355
7856,6.742656
7857,3.6245463
7858,10.170142
7859,7.672529
7860,55.225407
7861,-6.6979055
7862,44.234764
7863,21.38442
7864,79.85891
7865,6.012524
7866,19.369186
7867,4.293113
7868,-4.568323
7869,0.7716582
7870,14.280694
7871,16.034956
7872,-10.715854
7873,49.900658
7874,6.4959617
7875,5.1808033
7876,81.71024
7877,-5.8813252
7878,-70.09937
7879,-23.818615
7880,7.2027135
7881,8.198665
7882,20.598217
7883,31.688826
7884,4.6356306
7885,-1.6340364
7886,13.172812
7887,4.4269156
7888,4.5894485
7889,209.44725
7890,-72.59476
7891,-224.33318
7892,-3.2039373
7893,6.587082
7894,-72.774315
7895,3.098217
7896,2.9070177
7897,8.5896845
7898,4.512094
7899,44.535378
7900,21.074345
7901,42.552246
7902,10.6485
7903,180.5086
7904,12.478924
7905,27.400824
7906,3.2149217
7907,168.60867
7908,-673.3539
7909,8.5896845
7910,3.2485209
7911,-7.5053587
7912,9.250117
7913,64.90845
7914,-10.195736
7915,-1.8654991
7916,-10.615179
7917,-10.93069
7918,4.231012
7919,124.86641
7920,21.647924
7921,50.360336
7922,33.369728
7923,114.21504
7924,386.14978
7925,3.122553
7926,57.503536
7927,15.157129
7928,-0.09226691
7929,16.611382
7930,3.4801953
7931,34.402954
7932,21.032955
7933,16.68594
7934,149.9142
7935,41.867237
7936,53.40251
7937,18.431194
7938,22.769747
7939,11.347425
7940,-55.848606
7941,25.863283
7942,25.791939
7943,14.972924
7944,1.1902354
7945,10.172721
7946,11.896289
7947,10.021473
7948,47.26566
7949,-92.21403
7950,4.7738123
7951,429.54968
7952,9.6967325
7953,84.38115
7954,14.939152
7955,0.9098402
7956,3.0682087
7957,236.5057
7958,114.684525
7959,5.8951607
7960,26.176897
7961,13.733862
7962,917.0729
7963,9.943663
7964,1.3964154
7965,1.3530117
7966,0.47033405
7967,-74.85287
7968,-12.242062
7969,5.334584
7970,-48.723366
7971,492.11044
7972,6.7552643
7973,12.8842
7974,4.8726864
7975,141.76169
7976,4.2231193
7977,10.293727
7978,4.5059423
7979,78.54793
7980,9.114762
7981,6.2513804
7982,3.8409991
7983,2.8826814
7984,0.72427016
7985,9.6967325
7986,0.2971363
7987,-2.9884021
7988,23.089514
7989,-6.48237
7990,3.6022387
7991,9.114762
7992,3.9204528
7993,4.650901
7994,81.90792
7995,-60.666397
7996,3.6056838
7997,-134.61534
7998,-8.614244
7999,1.1350914
8000,75.93429
8001,4.9186435
8002,3.6620076
8003,9.418841
8004,3.6620076
8005,39.986153
8006,54.36363
8007,292.93536
8008,7.6404467
8009,14.020227
8010,34.0489
8011,2.9238653
8012,10.437475
8013,24.667196
8014,3.6022387
8015,-215.68506
8016,10.031919
8017,85.50567
8018,87.82581
8019,51.787643
8020,-2.9849565
8021,5.7950425
8022,81.71024
8023,1.1253761
8024,17.839245
8025,95.91932
8026,-51.42299
8027,145.59222
8028,8.704105
8029,-74.85287
8030,10.440921
8031,19.160576
8032,514.5146
8033,532.67865
8034,-2.7589636
8035,89.80473
8036,9.418841
8037,41.17839
8038,16.030378
8039,1.3258713
8040,34.84139
8041,-4.9287953
8042,3.8062615
8043,10.561596
8044,26.083553
8045,4.989348
8046,5.190787
8047,52.262722
8048,4.9186435
8049,18.386494
8050,3.2725341
8051,40.425003
8052,62.480034
8053,2.8551412
8054,-720.10693
8055,-10.149147
8056,5.542063
8057,-11.244528
8058,1.1568921
8059,14.619751
8060,-57.17773
8061,2.6452987
8062,2.491458
8063,10.579626
8064,136.61147
8065,3.1259985
8066,61.862568
8067,5.2083287
8068,3.8062615
8069,-22.703802
8070,47.290905
8071,21.34362
8072,202.08513
8073,2.8551412
8074,-22.726234
8075,11.227476
8076,10.864037
8077,55.75213
8078,24.641026
8079,-6.844849
8080,1.5914091
8081,-123.424965
8082,110.89347
8083,132.26694
8084,22.393124
8085,84.93403
8086,-4.0016165
8087,42.5488
8088,10.419215
8089,3.07156
8090,32.24169
8091,347.22485
8092,7.1219144
8093,42.41062
8094,4.0928307
8095,11.206091
8096,-42.29039
8097,4.9337516
8098,44.841934
8099,40.301926
8100,25.001518
8101,-15.180958
8102,24.80475
8103,61.508854
8104,24.29237
8105,147.88454
8106,21.965527
8107,42.038498
8108,7.298651
8109,22.090586
8110,6.5292435
8111,12.383414
8112,2122.7483
8113,-13.717392
8114,-0.30820483
8115,2.716959
8116,5.03573
8117,-120.647964
8118,1811.3447
8119,10.932333
8120,1.6337669
8121,59.104755
8122,62.699013
8123,93.675896
8124,13.257808
8125,-21.978827
8126,-3.2039373
8127,2.541099
8128,26.964188
8129,293.59323
8130,523.9479
8131,891.0263
8132,244.97395
8133,18.815075
8134,0.9098402
8135,-6.6979055
8136,6.742877
8137,168.3108
8138,-3.2039373
8139,7.019435
8140,23.571754
8141,10.07409
8142,2.0323632
8143,23.047222
8144,10.372269
8145,10.423414
8146,0.9712546
8147,234.48175
8148,12.997816
8149,6.5479074
8150,4.3739123
8151,6.960396
8152,0.909914
8153,-3.9749184
8154,25.13323
8155,3.8062615
8156,6.8524218
8157,6.8641376
8158,0.45399553
8159,24.064411
8160,8.987842
8161,-6.240408
8162,-0.54154325
8163,5.0154047
8164,39.516678
8165,-9.152883
8166,0.55275124
8167,81.415085
8168,221.61266
8169,6.035845
8170,75.21383
8171,211.18367
8172,18.723207
8173,28.775515
8174,-2.3523502
8175,-4.467648
8176,22.365652
8177,315.45648
8178,-0.8196492
8179,12.573359
8180,211.65749
8181,62.582634
8182,0.9098402
8183,3.074122
8184,-9.395238
8185,-65.396614
8186,19.288387
8187,-46.71421
8188,9.647319
8189,-63.949936
8190,11.214205
8191,115.043144
8192,2.6128242
8193,12.684536
8194,5.873074
8195,53.702698
8196,90.090904
8197,230.66643
8198,5.5765953
8199,7.8880653
8200,55.44094
8201,298.57437
8202,51.52506
8203,2.8551412
8204,3.2896576
8205,0.9098402
8206,28.88012
8207,3.074122
8208,28.662024
8209,13.07604
8210,2.426318
8211,32.78968
8212,14.446954
8213,5.67618
8214,19.288387
8215,135.28839
8216,13.07604
8217,-9.085018
8218,74.36877
8219,5.190787
8220,9.737647
8221,17.846153
8222,8.674881
8223,17.504097
8224,8.5896845
8225,477.06888
8226,28.841307
8227,29.907637
8228,439.22562
8229,93.24879
8230,8.91964
8231,5.0154047
8232,15.763673
8233,10.744811
8234,271.65683
8235,38.844402
8236,9.383767
8237,10.97289
8238,42.941967
8239,-111.27123
8240,12.743935
8241,17.084574
8242,22.584633
8243,-11.063565
8244,25.137428
8245,29.529442
8246,17.048204
8247,15.857675
8248,2.4581354
8249,2.6116307
8250,3.1514754
8251,5.7348924
8252,-2.4143069
8253,6.431756
8254,-2.320279
8255,52.763107
8256,26.210075
8257,64.320854
8258,35.309933
8259,5.399784
8260,2.8662522
8261,-6.5306396
8262,63.094917
8263,9.931685
8264,27.561794
8265,89.15058
8266,24.285816
8267,-7.300359
8268,-9.396809
8269,330.3404
8270,102.22055
8271,40.225475
8272,29.211773
8273,1.6052362
8274,-20.872267
8275,26.476234
8276,-10.016313
8277,576.61194
8278,9.832238
8279,2.6055274
8280,4.8511662
8281,5.8917155
8282,848.9929
8283,62.353527
8284,79.13086
8285,12.477819
8286,201.50848
8287,5.307203
8288,-67.66359
8289,5.685003
8290,-0.9511224
8291,37.242744
8292,5.1156034
8293,163.41226
8294,4.941334
8295,17.723078
8296,5.727019
8297,511.54834
8298,62.564274
8299,156.92888
8300,98.88266
8301,8.365469
8302,55.953518
8303,6.67325
8304,25.13323
8305,19.450533
8306,-6.0911174
8307,5.90459
8308,2.8825643
8309,0.9161104
8310,1.5667263
8311,29.289143
8312,-1682.2568
8313,9.953183
8314,2.142153
8315,5.740085
8316,49.702057
8317,4.3704677
8318,5.4507394
8319,-9.152883
8320,9.654133
8321,11.4148245
8322,28.293049
8323,-9.326186
8324,-6.4789243
8325,41.106567
8326,34.825844
8327,62.480034
8328,11.552676
8329,29.701517
8330,34.034996
8331,0.8038295
8332,20.860203
8333,-3.4779513
8334,27.501162
8335,123.49101
8336,7.0959525
8337,113.07334
8338,6.010578
8339,10.777132
8340,61.980927
8341,-162.66733
8342,17.483362
8343,13.07604
8344,8.403883
8345,27.634075
8346,51.83483
8347,1755.932
8348,-6.4789243
8349,25.297459
8350,18.90919
8351,31.854235
8352,117.42471
8353,27.047571
8354,3.2149217
8355,-8.518733
8356,26.082264
8357,19.160576
8358,-6.6979055
8359,26.210075
8360,16.761246
8361,19.84126
8362,29.918388
8363,364.87482
8364,392.60275
8365,491.96164
8366,3.1900299
8367,2.3972886
8368,16.189564
8369,2.9070177
8370,19.84126
8371,28.807459
8372,115.93651
8373,4.992793
8374,-379.65652
8375,-6.4789243
8376,1.3530117
8377,6.1543593
8378,5.1156034
8379,31.776945
8380,4.8474874
8381,4.5894485
8382,5.070147
8383,11.728699
8384,97.529236
8385,19.84126
8386,7.8766594
8387,3.8062615
8388,3.7635303
8389,17.118444
8390,123.02662
8391,119.305336
8392,17.545452
8393,6.035845
8394,30.95657
8395,27.9661
8396,11.881095
8397,9.434743
8398,50.65429
8399,2.6771162
8400,7.34399
8401,5.752263
8402,4.719611
8403,5.088222
8404,5.9992814
8405,-5.9701595
8406,0.9098402
8407,9.028599
8408,70.20811
8409,9.597024
8410,5.215525
8411,24.986822
8412,6.9019375
8413,217.3157
8414,274.63785
8415,-2.518924
8416,-55.527584
8417,1.824217
8418,4.777844
8419,21.202808
8420,8.423632
8421,296.00473
8422,72.32633
8423,5.6253033
8424,5.6253033
8425,49.053104
8426,155.81363
8427,4.5059423
8428,6.4452696
8429,5.6540933
8430,3.074122
8431,382.77664
8432,3.0706768
8433,3.2725341
8434,-8.099134
8435,2.6633453
8436,-60.81006
8437,0.5581281
8438,-16.032343
8439,0.8962134
8440,-1.266767
8441,0.42298928
8442,309.66403
8443,6.9557543
8444,15.921111
8445,4.55211
8446,28.245882
8447,8.623927
8448,6.0638537
8449,-15.239992
8450,-2.680189
8451,23.52971
8452,9.934344
8453,3.1126914
8454,13.542072
8455,52.74208
8456,9.6967325
8457,-6.48237
8458,21.906204
8459,2.483052
8460,-67.2853
8461,8.5896845
8462,6.660923
8463,40.643982
8464,72.24898
8465,5.004491
8466,73.421776
8467,4.721478
8468,26.041803
8469,7.9616365
8470,26.792042
8471,-10.399643
8472,12.253173
8473,17.723078
8474,27.08972
8475,-3.9183905
8476,12.1858225
8477,24.023607
8478,9.124972
8479,-20.241728
8480,3.074122
8481,1.3530117
8482,3.6056838
8483,-123.35836
8484,40.450512
8485,-6.358198
8486,8.683484
8487,-2.1727717
8488,2.426318
8489,5.547528
8490,63.56932
8491,0.35498485
8492,5.1156034
8493,-183.1726
8494,85.55439
8495,42.574116
8496,9.300204
8497,1.0159012
8498,-292.3209
8499,5.5193567
8500,85.26533
8501,1.6558658
8502,5.0610986
8503,5.479523
8504,31.425934
8505,5.091667
8506,306.4372
8507,-2.3995533
8508,4.293113
8509,4.7738123
8510,11.224448
8511,11.221261
8512,113.33431
8513,10.63895
8514,12.093084
8515,6.449051
8516,92.48196
8517,103.87772
8518,16.650055
8519,2.035808
8520,13.108446
8521,-73.69147
8522,4.4815087
8523,4.293113
8524,4.293113
8525,22.654997
8526,3.1000602
8527,64.042114
8528,-8.518733
8529,40.67303
8530,109.20245
8531,119.255264
8532,161.7482
8533,122.27845
8534,24.548136
8535,9.252776
8536,-440.56604
8537,142.50308
8538,210.38556
8539,19.503923
8540,12.665218
8541,61.76387
8542,1.1350914
8543,3.1514754
8544,34.44318
8545,40.917973
8546,-22.703802
8547,130.94957
8548,3.0681348
8549,2.8551412
8550,5.362689
8551,18.201628
8552,6.9097834
8553,-45.24316
8554,7.206251
8555,9.324217
8556,0.9161104
8557,21.986628
8558,-2.6292753
8559,5.4063225
8560,117.96155
8561,-6.4789243
8562,-12.931337
8563,0.9098402
8564,1.1253761
8565,3.8212194
8566,-43.450577
8567,-0.8682692
8568,4.8546114
8569,-40.73304
8570,26.762949
8571,1.1568921
8572,3.074122
8573,-58.369854
8574,4.0252433
8575,0.7371097
8576,7.6377497
8577,6.8540454
8578,63.693504
8579,25.740206
8580,13.949471
8581,9.685128
8582,40.94621
8583,29.986494
8584,3.2725341
8585,5.0194435
8586,4.5717883
8587,4.7628474
8588,5.4385576
8589,3.386703
8590,6.714881
8591,-7.286377
8592,870.0787
8593,19.593939
8594,53.161236
8595,48.5267
8596,-6.3755145
8597,14.026838
8598,3.386703
8599,7.278214
8600,12.857059
8601,-8.833226
8602,4.5808883
8603,13.072595
8604,3.0706768
8605,42.635643
8606,71.791336
8607,2.6418536
8608,258.65723
8609,6.885641
8610,61.31229
8611,12.673618
8612,3.4055655
8613,-74.98107
8614,5.088222
8615,4.9590116
8616,4.99999
8617,2.8551412
8618,47.07537
8619,727.8586
8620,358.94266
8621,-0.25094882
8622,51.94326
8623,94.50433
8624,114.56942
8625,3.8062615
8626,8.106477
8627,3.2659214
8628,33.17024
8629,743.24603
8630,3.8084943
8631,20.244928
8632,4.6209645
8633,19.5747
8634,-65.43216
8635,3.0264406
8636,2.6452987
8637,33.908688
8638,15.272407
8639,214.5549
8640,87.69189
8641,24.037788
8642,5.215525
8643,5.848318
8644,-41.040173
8645,45.090916
8646,115.31043
8647,11.537388
8648,849.8376
8649,8.667041
8650,8.160774
8651,6.1422124
8652,2.4581354
8653,-20.026192
8654,-19.633055
8655,0.9064691
8656,70.05755
8657,36.45519
8658,1.4522465
8659,26.908228
8660,-342.95422
8661,1.477214
8662,1.1316465
8663,30.319084
8664,16.574678
8665,3.491515
8666,5.2758055
8667,61.647034
8668,20.977848
8669,1.3829248
8670,9.554403
8671,-19.848589
8672,-62.94969
8673,3.7695174
8674,11.092132
8675,530.49023
8676,32.55237
8677,6.1457863
8678,8.767972
8679,119.2602
8680,7.165378
8681,5.752263
8682,0.909914
8683,-42.46007
8684,9.835684
8685,4.8546114
8686,92.358734
8687,3.101545
8688,44.754356
8689,-45.783955
8690,20.819992
8691,72.110794
8692,-45.75848
8693,211.88309
8694,3.8809884
8695,10.931147
8696,43.136368
8697,14.8945875
8698,13.113695
8699,210.14691
8700,2.9070177
8701,2.9070177
8702,118.039215
8703,7.177016
8704,10.200192
8705,299.8345
8706,18.21801
8707,141.13086
8708,-295.96188
8709,28.449945
8710,-8.299751
8711,-15.78212
8712,-24.267076
8713,24.677639
8714,19.29653
8715,5.678734
8716,1.5210953
8717,21.25412
8718,1.9054338
8719,-6.4789243
8720,25.1397
8721,1.7236594
8722,-14.127867
8723,57.24746
8724,-0.86610997
8725,9.736213
8726,41.603855
8727,-758.35297
8728,46.02757
8729,0.93980587
8730,13.072595
8731,0.9063953
8732,-6.48237
8733,-6.48237
8734,10.415729
8735,15.642138
8736,-9.930165
8737,-10.431324
8738,5.55012
8739,-15.593786
8740,4.2355623
8741,128.3398
8742,-40.824635
8743,16.40882
8744,9.6967325
8745,13.291576
8746,8.674611
8747,2.716959
8748,-9.9802
8749,8.13856
8750,5.0488234
8751,4.3739123
8752,-998.68335
8753,6.289022
8754,27.050413
8755,8.964989
8756,9.848659
8757,4.0965242
8758,91.69384
8759,10.103739
8760,9.848659
8761,5.6253033
8762,5.8381076
8763,32.604465
8764,4.552784
8765,-6.4789243
8766,-6.4789243
8767,4.34845
8768,9.336396
8769,9.222991
8770,40.640537
8771,17.04476
8772,21.805058
8773,2.1244314
8774,4.0280375
8775,-26.378582
8776,0.6908594
8777,-46.168846
8778,3.0706768
8779,18.978237
8780,2.8551412
8781,-7.5053587
8782,126.354866
8783,400.32483
8784,36.693768
8785,2.777331
8786,52.532146
8787,-0.08802398
8788,-0.97150445
8789,29.761944
8790,1.6925429
8791,-6.6979055
8792,9.188101
8793,-10.615179
8794,9.393628
8795,92.63661
8796,2.4852755
8797,-14.230874
8798,31.478518
8799,-7.286377
8800,52.532146
8801,19.220606
8802,-175.30008
8803,17.993286
8804,27.876345
8805,886.7452
8806,4746.1406
8807,13.661982
8808,22.966719
8809,-91.55359
8810,0.9098402
8811,9.61848
8812,-8.614244
8813,-91.33805
8814,5.331139
8815,17.839441
8816,6.750181
8817,22.975143
8818,2.4758391
8819,4.3739123
8820,4.5772247
8821,14.894666
8822,-967.90576
8823,2.1310353
8824,-453.70724
8825,105.448616
8826,4.989348
8827,167.67706
8828,-0.27266446
8829,3.074122
8830,-1641.2539
8831,13.172664
8832,7.5437846
8833,11.246374
8834,8.074963
8835,3.9631412
8836,64.100105
8837,18.286314
8838,5.749371
8839,-24.372276
8840,-121.31185
8841,12.87925
8842,-112.90291
8843,-3.2039373
8844,-40.180046
8845,-10.421942
8846,7.380914
8847,9.816006
8848,10.777132
8849,386.16858
8850,9.28318
8851,-2.1561763
8852,5.4806886
8853,14.825981
8854,16.62062
8855,5.327511
8856,24.667196
8857,3.5988224
8858,25.109457
8859,8.094461
8860,11.465356
8861,-11.558695
8862,12.8842
8863,4.207763
8864,4.5200605
8865,2.459228
8866,5.466022
8867,20.776255
8868,5.1156034
8869,-8.833226
8870,52.249718
8871,5.6540933
8872,65.17714
8873,0.6908594
8874,13.996634
8875,4.5686183
8876,8.322824
8877,23.985271
8878,-9.930165
8879,-11.163652
8880,-10.711708
8881,44.234764
8882,27.708553
8883,4.0987406
8884,73.06672
8885,0.72427016
8886,27.484535
8887,1.5969113
8888,17.202106
8889,5.0568247
8890,-96.19196
8891,4.860236
8892,20.89466
8893,-110.410484
8894,58.958202
8895,12.674767
8896,-9.837182
8897,-3.6604288
8898,3.0648508
8899,-6.205642
8900,-4.441976
8901,0.9098402
8902,116.558624
8903,-2.9849565
8904,5.0568247
8905,-5.791854
8906,4.015476
8907,115.06031
8908,11.108192
8909,3.2905407
8910,8.595292
8911,3.0706768
8912,5.6540933
8913,10.59125
8914,26.896685
8915,1.1902354
8916,0.9098402
8917,-10.615179
8918,1.8624476
8919,-15.55749
8920,-13.616351
8921,-58.876827
8922,-22.72968
8923,78.10922
8924,4.3704677
8925,3.877294
8926,4.568343
8927,6.521238
8928,28.55525
8929,13.345282
8930,24.48179
8931,45.64494
8932,4.714771
8933,26.094315
8934,1.498747
8935,2.6452987
8936,28.664583
8937,1.1569659
8938,3.386703
8939,10.907421
8940,4.3993144
8941,121.711395
8942,35.041378
8943,2519.4014
8944,4.7121253
8945,2.9070177
8946,69.83856
8947,16.415678
8948,48.784195
8949,3.5929587
8950,86.478645
8951,16.16464
8952,60.190716
8953,9.206266
8954,-2.7624087
8955,1.7264218
8956,19.281109
8957,4.78551
8958,5.2515426
8959,31.465063
8960,947.823
8961,-45.2683
8962,-30.297634
8963,136.66995
8964,22.414703
8965,48.633984
8966,29.264172
8967,30.118551
8968,48.834126
8969,688.6942
8970,4.0987406
8971,91.91665
8972,21.044992
8973,5.0610986
8974,31.465063
8975,6.142341
8976,27.035942
8977,46.671177
8978,3.1092463
8979,9.6967325
8980,-14.908275
8981,20.546366
8982,10.407118
8983,4.1175933
8984,16.81887
8985,-12.644743
8986,-0.030928642
8987,-290.8858
8988,5.149287
8989,0.9432509
8990,-20.813862
8991,-1141.2787
8992,-13.397369
8993,5.334584
8994,0.9432509
8995,0.9432509
8996,236.17168
8997,24.037788
8998,4.5699744
8999,0.9098402
9000,19.172626
9001,1.8979038
9002,16.614826
9003,295.98776
9004,3.8631608
9005,-9.933611
9006,3.6022387
9007,3.0706768
9008,-227.8373
9009,3.1259985
9010,126.800354
9011,2.8551412
9012,44.097023
9013,592.5566
9014,12.043302
9015,4.892948
9016,-126.01462
9017,-10.711708
9018,68.94957
9019,-0.6041136
9020,0.55267745
9021,62.27612
9022,3.1730268
9023,104.87848
9024,19.6387
9025,26.372221
9026,10.393379
9027,-9.19304
9028,-33.34518
9029,3.491515
9030,10.780578
9031,341.9558
9032,4.234457
9033,48.30836
9034,546.48444
9035,10.360644
9036,2.8926518
9037,40.499634
9038,150.32994
9039,10.07409
9040,8.929674
9041,79.10977
9042,8.725115
9043,9.52721
9044,16.350035
9045,-2.7379048
9046,-75.07185
9047,21.016933
9048,0.69093317
9049,-27.980238
9050,14.901366
9051,18.571226
9052,4.3739123
9053,318.49185
9054,20.858809
9055,3.074122
9056,-42.06157
9057,-415.12054
9058,25.101828
9059,23.78729
9060,178.81104
9061,3.074122
9062,4.67863
9063,-28.253548
9064,14.329577
9065,-11.112892
9066,-26.817232
9067,6.63477
9068,4.8298426
9069,7.743372
9070,2.8826814
9071,2.7008116
9072,10.921184
9073,-58.13148
9074,-18.396591
9075,-107.46346
9076,3.2959573
9077,9.944215
9078,-10.186231
9079,-41.34826
9080,-1728.5255
9081,9.469199
9082,21.46242
9083,2.302536
9084,1017.3605
9085,-10.18345
9086,3.2848213
9087,25.663391
9088,12.883491
9089,230.8682
9090,-56.42344
9091,3.1382854
9092,-10.125327
9093,17.447477
9094,-0.68335533
9095,4.568848
9096,10.282593
9097,-0.23971334
9098,7.03564
9099,26.80129
9100,8.950658
9101,3.0804217
9102,45.97967
9103,13.224049
9104,13.107072
9105,5.2278123
9106,-5.957873
9107,3.0864089
9108,42.740032
9109,5.950997
9110,5.950997
9111,5.187285
9112,8.327309
9113,4.206395
9114,20.787935
9115,170.78584
9116,3.636833
9117,7.555857
9118,10.044205
9119,19.308817
9120,397.19254
9121,7.314207
9122,24.201628
9123,8.506336
9124,9.068003
9125,0.7365568
9126,13.143537
9127,5.221916
9128,-156.16986
9129,19.361723
9130,4.5714836
9131,5.555333
9132,263.58325
9133,-1.0884532
9134,4834.1997
9135,-99.51083
9136,9.964099
9137,3.2848213
9138,28.47769
9139,22.059883
9140,16.349474
9141,95.335495
9142,-6.251102
9143,2.9361522
9144,31.799631
9145,5.49181
9146,10.638386
9147,40.627853
9148,29.950182
9149,79.1502
9150,5.2474904
9151,14.997455
9152,274.56537
9153,98.95404
9154,70.06984
9155,176.27516
9156,3.1276743
9157,6.6134596
9158,-5.4729915
9159,75.26757
9160,9.062575
9161,17.372076
9162,-19.36389
9163,16.377466
9164,13.453123
9165,5.5624065
9166,48.084614
9167,-5.8440475
9168,-2.7806513
9169,26.3571
9170,-1.8532122
9171,11.25866
9172,4.7270575
9173,6.9255633
9174,18.155933
9175,5.0733852
9176,4.801242
9177,41.751713
9178,23.313337
9179,58.56683
9180,26.437899
9181,23.400475
9182,57.30029
9183,-45.888485
9184,16.947668
9185,94.58271
9186,24.726936
9187,17.367765
9188,6.52665
9189,73.994644
9190,26.69693
9191,2.6575854
9192,2.402279
9193,3.0869763
9194,25.737251
9195,3.7115023
9196,1.533382
9197,43.725758
9198,128.07901
9199,51.576492
9200,7.3101764
9201,44.018257
9202,291.26102
9203,233.74327
9204,23.89071
9205,8.581439
9206,654.9136
9207,53.54888
9208,24.275097
9209,23.743576
9210,-58.091995
9211,28.689863
9212,7.040077
9213,4.5209355
9214,210.13857
9215,-65.97221
9216,52.255543
9217,-1205.7317
9218,11.822387
9219,5.2312884
9220,21.653109
9221,166.4026
9222,16.915195
9223,-1080.0374
9224,47.6501
9225,0.70321983
9226,4.0634947
9227,89.35246
9228,43.318657
9229,22.318571
9230,230.0501
9231,17.572382
9232,12.945692
9233,11.869983
9234,26.920515
9235,6.075517
9236,240.59816
9237,4.3053994
9238,34.34084
9239,568.5157
9240,32.85147
9241,6.8647084
9242,3.39899
9243,90.36334
9244,4.977871
9245,10.653016
9246,156.33281
9247,-14.192533
9248,131.47345
9249,10.9324465
9250,113.53459
9251,21.255604
9252,211.11528
9253,3.13484
9254,1.6175967
9255,-2.7571347
9256,-8.498736
9257,25.151987
9258,12.886859
9259,3.0829637
9260,1.3412186
9261,21.495255
9262,21.02922
9263,1.8747343
9264,-10.918404
9265,-6.251102
9266,9.8247
9267,135.04402
9268,7.990375
9269,0.70314604
9270,0.98354125
9271,8.698489
9272,-20.535204
9273,30.097324
9274,-5.4798446
9275,66.84816
9276,1.6175228
9277,-25.13663
9278,-177.11436
9279,43.64965
9280,5.012276
9281,54.4032
9282,23.692345
9283,14.5574
9284,-0.17441404
9285,3.63775
9286,-6.762479
9287,79.928955
9288,63.923668
9289,-3.1988754
9290,0.3798071
9291,16.816217
9292,-6.4700837
9293,-11.611522
9294,5.711956
9295,6.37567
9296,81.42393
9297,-15.795701
9298,8.060058
9299,2.9193046
9300,7.0952253
9301,5.189437
9302,14.6098175
9303,4.866898
9304,7.3066573
9305,2.6285565
9306,26.908892
9307,52.79486
9308,3.1382854
9309,-74.96533
9310,59.212063
9311,4.6479173
9312,69.28415
9313,-14.07441
9314,125.846466
9315,40.871803
9316,22.39103
9317,-18.861921
9318,5.761657
9319,-11.549852
9320,6.163201
9321,-10.383911
9322,-2.9726698
9323,-2.9726698
9324,-2.5066373
9325,1.408702
9326,-6.6856194
9327,22.761957
9328,12.869345
9329,-7.4930725
9330,33.182526
9331,5.0050797
9332,72.26127
9333,29.915188
9334,29.553848
9335,428.02112
9336,144.27231
9337,4.6909165
9338,16.385859
9339,11.499741
9340,17.293837
9341,26.960619
9342,11.25866
9343,-19.36389
9344,9.19364
9345,5.53971
9346,-14.895988
9347,3.1138322
9348,-7.2734494
9349,10.453207
9350,79.82231
9351,4.1672187
9352,3.2848213
9353,8.548716
9354,6.225062
9355,8.416169
9356,1.0750359
9357,31.277721
9358,-172.49228
9359,3.659912
9360,19.037914
9361,19.425041
9362,42.207375
9363,-39.445053
9364,6.287761
9365,-243.60045
9366,5.66638
9367,1.3285167
9368,0.9520926
9369,9.875141
9370,610.3968
9371,249.79665
9372,9.121415
9373,76.43193
9374,4.584075
9375,5.149911
9376,170.28122
9377,4.8522315
9378,34.342476
9379,9.552585
9380,5.284647
9381,8.554034
9382,17.667095
9383,96.93189
9384,467.16904
9385,8.337745
9386,10.07622
9387,7.2589846
9388,-15.331001
9389,29.150597
9390,-11.126081
9391,599.66833
9392,2.867428
9393,6.824468
9394,-6.6856194
9395,366.93448
9396,6.2579308
9397,5.555333
9398,3.6179707
9399,-20.428982
9400,60.683117
9401,2.4704223
9402,42.656677
9403,15.498881
9404,12.231828
9405,9.43092
9406,-6.6856194
9407,4.027763
9408,9.906655
9409,4.786099
9410,9.218553
9411,4.2432985
9412,9.812019
9413,68.57639
9414,1.1710736
9415,4.279924
9416,4.9635
9417,-3.1916506
9418,159.28192
9419,18.077421
9420,-9.346226
9421,5.1869993
9422,6.3434014
9423,26.413914
9424,5.260663
9425,6.122983
9426,4.339664
9427,3.8185487
9428,3.5409122
9429,1.1439332
9430,3.0829637
9431,-16.016014
9432,2.4704223
9433,5.4508443
9434,3.8445137
9435,-3.6812
9436,-33.88087
9437,75.58513
9438,-2.3980079
9439,11.45425
9440,3.0155828
9441,5.208689
9442,1.2471687
9443,-89.94144
9444,70.954704
9445,-19.151287
9446,84.69505
9447,6.356706
9448,-4.0232224
9449,-8.82094
9450,21.317833
9451,2.886245
9452,17.091742
9453,2.4095757
9454,9.662565
9455,-6.466638
9456,5.667797
9457,-1.7411947
9458,25.465143
9459,82.447945
9460,1.2455524
9461,41.625458
9462,10.988473
9463,221.26855
9464,-66.87997
9465,-10.387357
9466,0.92212695
9467,3.5409122
9468,49.087944
9469,166.56271
9470,253.27731
9471,10.868358
9472,3.0864089
9473,42.651375
9474,-521.588
9475,2.8079202
9476,-11.546408
9477,-21.747559
9478,-109.83084
9479,-17.180288
9480,68.849625
9481,24.5843
9482,34.358574
9483,15.123757
9484,81.14388
9485,154.85883
9486,272.0572
9487,11.142925
9488,25.79451
9489,9.336503
9490,7.9003515
9491,33.36574
9492,80.99188
9493,30.736156
9494,23.421228
9495,52.052746
9496,3.2023165
9497,34.152004
9498,154.00586
9499,8.846458
9500,-121.3432
9501,-91.563805
9502,3.795517
9503,39.70213
9504,20.021503
9505,50.400463
9506,325.82892
9507,90.63113
9508,3.296962
9509,1.202522
9510,8.398792
9511,13.362518
9512,209.80115
9513,7.3774304
9514,7.097322
9515,11.002841
9516,64.56662
9517,34.38486
9518,6.287761
9519,4.93093
9520,4.514784
9521,-17.115978
9522,2.0937147
9523,8.601971
9524,32.068394
9525,9.860686
9526,102.98296
9527,4.3861995
9528,-6.0006046
9529,9.835782
9530,-282.04205
9531,164.18155
9532,2.8419528
9533,4.3861995
9534,4.866898
9535,12.275674
9536,4.8087106
9537,21.427616
9538,5.012276
9539,-6.6856194
9540,0.70321983
9541,32.296303
9542,66.6311
9543,3.6729584
9544,3.7031307
9545,-4.045556
9546,395.5298
9547,150.14449
9548,11.2848425
9549,29.038727
9550,12.265459
9551,6.156689
9552,32.29966
9553,6.7571473
9554,26.961853
9555,1.199592
9556,28.61476
9557,2.4386046
9558,10.540373
9559,84.94632
9560,180.50732
9561,62.47687
9562,105.51975
9563,26.441343
9564,451.91083
9565,62.12535
9566,5.669825
9567,266.42557
9568,50.963394
9569,4.7481937
9570,13.459137
9571,14.471767
9572,21.907444
9573,72.59515
9574,16.241995
9575,238.86487
9576,4.1672187
9577,4.1672187
9578,13.846687
9579,12.156374
9580,132.49475
9581,5.55679
9582,5.0016346
9583,-169.38037
9584,-4.0008545
9585,-0.4374904
9586,10.813973
9587,117.68742
9588,4.0600495
9589,5.4220543
9590,-206.94722
9591,-115.83201
9592,13.140667
9593,43.551315
9594,-11.116248
9595,3.8445137
9596,24.5843
9597,16.491207
9598,19.742855
9599,5.915783
9600,5.492975
9601,61.942646
9602,16.547626
9603,4.7346396
9604,7.3107615
9605,5.49181
9606,9.409494
9607,396.02695
9608,20.062233
9609,3.636833
9610,9.928
9611,8.905879
9612,-1.331176
9613,0.9186821
9614,4.382754
9615,-47.146816
9616,10.573882
9617,2.689403
9618,532.4228
9619,5.492975
9620,6.999557
9621,-177.36142
9622,15.756331
9623,7.8965683
9624,41.337833
9625,60.89865
9626,5.63759
9627,26.774338
9628,4.866898
9629,9.888114
9630,10.175051
9631,1.3006114
9632,6.681071
9633,1.0102371
9634,1.0102371
9635,19.586987
9636,19.162493
9637,8.687167
9638,4.8087106
9639,3.8185797
9640,-102.211945
9641,7.877742
9642,3.6837597
9643,11.229186
9644,16.167982
9645,2.6178145
9646,15.418081
9647,5.5290422
9648,-16.918346
9649,-5.1607294
9650,2.318147
9651,12.3957
9652,3.2023165
9653,31.15936
9654,107.30154
9655,1.137663
9656,-72.14548
9657,4.2805567
9658,131.13739
9659,-6.6856194
9660,16.367985
9661,7.268
9662,-46.802296
9663,1.1674535
9664,-3.1916506
9665,-42.934036
9666,2.861441
9667,2.9140995
9668,-42.386055
9669,5.06994
9670,24.864912
9671,44.63373
9672,22.886265
9673,3.1516879
9674,324.54193
9675,-10.602893
9676,0.3541464
9677,5.904002
9678,-289.5033
9679,29.781088
9680,7.0952253
9681,61.440342
9682,51.83721
9683,51.83721
9684,9.419369
9685,9.928
9686,296.5184
9687,18.611826
9688,5.0482936
9689,33.21259
9690,104.80997
9691,3.4212973
9692,40.82701
9693,10.427749
9694,4.6479173
9695,14.937799
9696,15.098072
9697,4.3053994
9698,-10.7028675
9699,-14.637143
9700,-10.7028675
9701,-2.510083
9702,-7.0585546
9703,5.288092
9704,45.241
9705,8.164619
9706,11.331398
9707,-11.7653885
9708,4.593175
9709,5.557981
9710,-56.837906
9711,9.380197
9712,56.442883
9713,5.231257
9714,7.290574
9715,5.0029354
9716,-6.6626377
9717,2.4704223
9718,-346.55026
9719,5.9411535
9720,113.281395
9721,154.6277
9722,-169.20142
9723,36.19005
9724,25.15749
9725,-2.7256181
9726,7.7908006
9727,51.46843
9728,22.185215
9729,-119.63449
9730,-6.466638
9731,155.69298
9732,52.854164
9733,18.73312
9734,87.74686
9735,-121.5151
9736,-8.506447
9737,22.880552
9738,52.30324
9739,17.380148
9740,7.0952253
9741,12.073279
9742,8.694594
9743,7.247257
9744,8.216936
9745,-14.895988
9746,83.44352
9747,8.414733
9748,-0.9035229
9749,880.9508
9750,44.092464
9751,247.0696
9752,10.151252
9753,0.6740868
9754,32.61725
9755,243.06276
9756,4.4442067
9757,9.334188
9758,8.752813
9759,29.662275
9760,-33.724304
9761,23.803022
9762,-20.424774
9763,12.076725
9764,4.842129
9765,12.112124
9766,1.2499777
9767,5.5024953
9768,-10.201871
9769,119.88139
9770,5.12789
9771,-13.138033
9772,3.347299
9773,2.689403
9774,72.123085
9775,2.284764
9776,41.548225
9777,2.8949683
9778,24.74113
9779,0.710113
9780,279.98846
9781,91.1752
9782,-72.36446
9783,4.883378
9784,-56.17774
9785,87.212524
9786,3.083847
9787,51.113087
9788,-0.85942745
9789,-337.37488
9790,12.660106
9791,-19.384594
9792,2.9482267
9793,-0.27478164
9794,66.09875
9795,45.10282
9796,27.240189
9797,16.059732
9798,19.519655
9799,0.97322875
9800,53.30724
9801,50.70996
9802,4.6871285
9803,5.0824337
9804,18.014761
9805,-182.44904
9806,118.35356
9807,41.879524
9808,4.7714324
9809,-10.602893
9810,46.039856
9811,5.3434258
9812,0.9186821
9813,5.7735167
9814,-6.0032125
9815,-6.9950366
9816,-6.6856194
9817,-0.6845421
9818,-0.21850958
9819,1.2580808
9820,7.2198176
9821,-6.74528
9822,2.299091
9823,0.7576931
9824,253.38087
9825,5.7960324
9826,13.164674
9827,-6.485099
9828,5.2030735
9829,17.916985
9830,-56.638977
9831,21.495255
9832,-20.779718
9833,27.760502
9834,45.06617
9835,-5.3398585
9836,2.7233331
9837,9.32396
9838,66.36803
9839,5.12922
9840,22.624392
9841,5.738455
9842,16.362322
9843,22.051508
9844,9.709019
9845,38.324448
9846,16.362322
9847,8.216936
9848,3.0829637
9849,2.861441
9850,17.568316
9851,6.0213656
9852,156.11728
9853,61.220013
9854,134.73238
9855,-0.85942745
9856,875.9032
9857,-469.69052
9858,-20.108458
9859,5.0677676
9860,26.518698
9861,5.0824337
9862,17.096859
9863,6.1036224
9864,4.0287943
9865,-9.982889
9866,-625.9048
9867,9.419369
9868,5.9274917
9869,53.164402
9870,58.410526
9871,-54.813198
9872,-4.5324073
9873,1.9389043
9874,200.49432
9875,65.07125
9876,29.143024
9877,27.645977
9878,29.930676
9879,21.553894
9880,7.652733
9881,5.904002
9882,29.742493
9883,-4.5324073
9884,603.59406
9885,5.470171
9886,4.554756
9887,43.787964
9888,11.151428
9889,63.348778
9890,16.074448
9891,0.6236809
9892,-9.098364
9893,140.95293
9894,38.42039
9895,61.52114
9896,16.52106
9897,4.3861995
9898,3.39899
9899,5.0050797
9900,16.917208
9901,9.885401
9902,32.683807
9903,0.9186821
9904,10.175051
9905,14.261062
9906,16.877878
9907,5.0016346
9908,0.92839706
9909,313.61148
9910,2.8949683
9911,17.193907
9912,42.999447
9913,-87.86126
9914,-61.78514
9915,2.280718
9916,-21.774357
9917,10.372931
9918,6.7571473
9919,13.164674
9920,-6.466638
9921,4.3710566
9922,4.518229
9923,10.638386
9924,25.174616
9925,7.666748
9926,196.71849
9927,4.2530656
9928,27.216595
9929,14.4670315
9930,10.821512
9931,133.60228
9932,7.0390854
9933,14.630955
9934,3.0864089
9935,16.917208
9936,86.51207
9937,21.194178
9938,14.3901415
9939,10.683881
9940,5.492975
9941,7.575799
9942,11.280759
9943,394.01328
9944,61.309196
9945,21.895441
9946,19.300674
9947,85.27762
9948,-3134.8303
9949,33.036407
9950,21.646597
9951,3.6145256
9952,0.9187559
9953,42.87177
9954,3.2272084
9955,2.5037448
9956,10.151238
9957,5.0733852
9958,57.879642
9959,-0.58838177
9960,54.863083
9961,25.364498
9962,2.5037448
9963,5.80583
9964,25.84704
9965,242.82458
9966,117.08062
9967,32.51864
9968,-6.488544
9969,66.36803
9970,-5.3137455
9971,-9.767353
9972,-2.7571347
9973,-15.792256
9974,0.92212695
9975,-10.18345
9976,68.44068
9977,7.9996047
9978,109.470825
9979,24.018385
9980,280.32138
9981,58.866062
9982,9.787019
9983,24.644636
9984,9.061995
9985,44.671234
9986,20.442068
9987,26.189184
9988,40.11637
9989,5.840479
9990,5.530224
9991,6.015013
9992,21.87209
9993,4.777799
9994,0.56503797
